,review
0,suasana oke banget rame tidak sampe membludak berisik gitu cuaca dukung buat stay lama lama nungguin travel berangkat jam kemudian
1,muas banget layan nya makan cepet jukir resah minta tarif pakir 3k motor bener 2 pungli nya biasa gerai 2k saran manajemen gaco mohon parkir feee saja jangan tukang parkir ganggu terimakasih
2,saudarasaudara sekali hadirin hormat para cinta kuliner sejati izin saya bicara buah tempat kini jadi bincang hangat kalang
3,tempat luas makan kaya asam cabai seperti mie gaco biasa layan kurang minta asbak tidak malah kasih plastik sambal jadi terbang duluan pakai
4,tempat nyaman banget layan pada ramah kaka kaka clear up nya gercep buat resin kotor rasa enak banding gaco belum cobain
5,sumpah baru kali makan gaco buruk layan nya biasa nya mie di pesan gaco terlakamu pias warna nya pedas nya pas padu terlakamu pedas kayak kurang takar kecap nya
6,pertama kali kecewa makan bersih mie rambut dalem udang keju rambut pendek mungkin potong rambut laki laki jd gk selera makan huft pindah tmpt aja lah belah
7,mohon pegawai jaga attitudenya karena juga beli bukan mintakurangkurangin deh julitnya hatihati hilang kerja
8,standar sop gaco order kamu nunggu bentar rada sabar kalau rame parkir susah
9,cabang mie gaco simpang soekarnohatta buah batu posisi strategis lihat ramai harga murah riah anak muda untung sampai antre berjamjam pesan makan cepat jadi heran mie gaco
10,layan sangat baik mas mba nya ramah2 jadi gaakan bosen kalo datang gaco buah batu kk pake vest abu cantik baik
11,baru pertama gaco bojongsoang cuman masalah apikasi salah sen level 0 harus level 2 padahal tinggal tambahin level pedes 2 ko gabisa malah suruh buat beli level 6 bisa nyampur pedes nya
12,tukang parkir manager kelola tanggung jawab nya custemer nya sendiri buat apa tukang parkir bayar tp hilang barang ada tanggung jawab nya sama sekali sekali gausah ada tukang parkir tugas tukang parkir
13,beli gaco lv 1 buat ta eh sesuai ekspektasi gaada rasa hambar cuman rasa cengek doang terus lv 1 cengek nya banyak banget gridelnya di bersiin duka kali jadi campur sama belum padahal pas makan sana enak gatau masak anak training kali yah
14,goreng enak semua untuk main course nya sesuai level 1 asa level 4 evaluasi untuk karyawannya sesuai level pedas di outlet level satu pedas parah kemarin beli di outlet buah batu
15,layan nya bagus makan enak tempat bersih
16,bayar parkir mahal tidak jamin buat hilang barang konsumen duduk terus mintain duit gilir hilang ngga tanggung jawab minta cctv alasa eror parah si bagong
17,makan nya enak bangettt layan cepet ramah ramah banget harga super worth it banget pas banget kantong ajar poko cocok recommended banget buat makan makan sama temen temen
18,mie gaco lv 8 nya selaka jadi pavorite deh pedes nya nanggung kalau ngga suka pedes sen mie suit aja
19,dingin angin saat lagi musim hujan lebih mie gaco bangun semi buka jadi angin nya lumayan langsung luar makan yaaa lumayan lah cukup muas tarif murah
20,aku suka banget makan mie gaco tempat nyaman cocok buat nongkrong bareng teman menu andal saja mie setan level 2pedasnya pas bikin nagih nggak bikin perut sakit harga ramah kantong cocok banget
21,udh sering kesini tp baru kali nyoba toilet sholat mushola nyata lumayan nyaman toilet bersih mushola bersih walaupun sempit mukena bersih tempat sepatu untuk makan spt biasa rasa konsisten murah udh
22,makan harga segitu oke banget worth it saji lama aku ngerti wajar si soal banyak sen aku ngerti kenapa sen take away segitu banyak dibungkus2in duka terus kasi
23,sekian lama kesini nyata tempat enak nyaman buat nongkrong dengan kondisi hujan makan mie gaco makin mantap nikmat
24,nyaman enak mie nya layan sangat cepat
25,sekarang pangsit goreng rasa enak makan bersih cepat layan side dish enak2 sini
26,evaluasi layan dateng jam 1 malamkondisi terlakamu rame cenderung sepi saji lama banget karyawan kurang inisiatif padahal lumayan sering makan gaco cabang lai untuk di cabang cukup kali aja deh
27,makan yah lumayan lah harga jangkau tempat nya cukup luas yang outdoor indoor nya
28,tempatnyaa ena nyamannn ramah ramah debst bnget pokonyaaa gaco enak meneurut dibubt nyaman kasir ramah pelayanya yang pake rompi abunyaa
29,datang betul terlakamu ramai masih bulan puasa antri order terlakamu panjang jadi datang langsung antri kasir order itu baru kasi nomer simpan meja yang dine in kalau take
30,mie nya sih enak suka banget sama pangsit yang jelas harga sahabat ramai banget pas datang kesini jam 8 malam
31,1 order 45 menit restoran ngeri boss micen2 waktu driver bintang 0 lamun aya mah
32,dateng rame2 langsung sambut dibantuin nyiapin tempat karna ber 35 meski milih sen lama krna list duka satu2 ditungguin doong sama waiters nya tempat luas anak2 happy oke banget layan muas garcep jugaa makasih gaco mantap pokok
33,rasa enak bangetttempatnya lumayan strategis jangkau damripelayanannya ramah bangettrequest kalo malamadain konser dong kayak jkt48btsblackpinkdll
34,layan sangat ramah aku udaa sering gaco ya layan gaco buah batu ramah apa kasir ramah banget pas betul tadi aku sen bawa pulang pas waktu aku panggil buat ambil makananya satu
35,sekian lama mie gaco buka buah batu akhir sempat coba mie gaco cabang buah batu beli takeaway mau makan kantor ada kerja meski pesan saat siang tengah hari tetap
36,rasa mie nya biasa aja udang keju doang bikin nagih
37,bad banget pelayananya awal masuk parkir sampe keluar parkir diliatin trus sama beberapa crew kasir nya grgr pake pake pakai gunung mungkin depa di tingkat layan
38,bintang satu masa parkir kasih waktu mau nyebrang bantuin terus kalo ada hilang barang masa mau tanggung jawab pihak resto
39,cocok para cinta mie pedas tempat luas nyaman sama gaco umum harga murah riah 10rban tapi parkir mahal patok 3rb padahal biasa 2rb
40,makananya enakpelayanannya cepet rame tpi pelayannanya cepettempatnya enak bersih nyaman bikin petah pokonyaaa gaco terdebess kaya bandung jdi tempat makan paporit aku deh kaya ini
41,masya allah layan baik staf ramahmkanan enak murah sangat recomend buat gen z sekrng
42,enak bnget nyaman ademm cepet makannyak layan enak ramah bess bnget buat gacaon bubat deh
43,makan nya enak cuma layan nya jelek jutek mohon baik adain fasilitas buat charge biar enak gaada colok sama sekali kalo mau kesini pastiin batre kalian full charge
44,enakk bangett nyaman jutidak tempat nyaa layan nya cepettt dateng nya lama
45,buka 24jam kan yaa tp meja udah ditutupin udah dibolehin ditempatin alas sdh bersih minta sendok layan nya lgsg pergi saja didenger clear up selesai tengah tengah alas sbntr ka sy paham layan tp kalau emg ada minta customer tlong didnger dkamu terimakasih
46,kasi banget uy hilang hp sama helm dengan alas cctv hilang moga managernya liat postingan
47,tdi siang makan gaco buah batu alam kurang muas 1 kasir nya judes kurang ramah 2 tisu cuman 1 lembar makan 2 orang masa saya ngelap baju 3 piring gelas nya kotor minyak sangat jorok sekalisngtbd sayangkn sekali
48,makanannnya enak rapi bersih lakamu layan cepat pegawai ramah ramah suasana cocok banget buat dua bareng pacar sama keluarga recommanded
49,makan enak minum enak ngga asal jadi layan cepat tempat luas tidak antri panjang
50,mana lokasi nyata gaco pernah gagal allah aku selaka suka sama menu gaco pun mau di bandung bal tetep enak paling beda tekstur tingkat matang mienya untuk
51,malam2 bingung mau makan apamelipir deh kesinisecara biasa ruameee buangettuntunglah terlakamu panjang antriannyamienya enakcb mie angelmie setan lv 4 mie iblis lv 4dimsumnya siomay minum es tuyules jeruk n es teh
52,tempat bagus bersih terus pesan cepat sampenya lama sama makan lama enak sih kecewa
53,parkir bayar guna tukang parkir kerjaanya duduk doang hilang diem aja planga plongo pihak mangementnya diem aja
54,layan nya ramah harga ramah kantong n makan enak enakkk bangett tempat jugaa nyaman
55,tempat nyamanpelayananya enak ramah makannanya enak tempat nongkrong terdebes bubat udah makan murah cuman 10kan rekom sih buah pelajara emng debes sih gaco
56,layan buruk banget pesan nunggu jam 6 kurang waktu mau buka puasa tengah jam itu anak sekolah duduk belah pesan cepat datang lebih duka pesan tapi pesan belum juga
57,first time dine in cabang sering order via ojol nyata lebih enak dine in yaa bumbu lebih asa banyak layan cepat crewnya ramah tempat duduk banyak semua oke cuma betul ngga tissue mungkin direfill tp so far so good
58,lokasi strategis tempatmya bersih layan cepat good job
59,mie gaco familiar semua kota besar cabang nya tingkat okupansi tinggi selaka antri beli mie gaco mie gaco kategori mie pedas nya enak murah riah semua kalang outlet nya
60,aku tinggal banget baru coba gaco soal selaka ngurungin niat takut lama lah takut penuh kursi eh pas tadi datang sabtu jam 10 an bilang sangat cepat loh antri yang dine in sat set mas nya nanya nya cepet
61,minta kepada pihak manajemen gaco buat tindak lanjut tukang parkir pake baju oren gapunya cash cuman 1 ribu kasih orang sopan maaf ribu soal gapunya cash terus s mang parkir maksa 2 ribu uda bilang gada cash asa tukang parkir lain nerima2 aja
62,makan nya enak tempat nya bagus buat tempat nya lumayan lega enak buat main sama temen jangan lupa mampir mie gaco buah batu
63,poko layan bagus utama nama ikiipslopyu poko buat
64,rekomen bangettt pokonyaaaa
65,harga memang murmer makanya cabang mana selaka ngantri untuk rasa aku kurang padahal udah coba beberapa cabang kali aja beda tangan beda rasa nyata standar dan suasana tempat makan
66,tempat ny luas bersih kemaren datang jam 4an tidak bgtu lama ngantri nyaa makan nya harga 10ribu masuk murah mie ny tipe mie
67,baru buka kemarin jadi saran bayar pake cash qris biasa kalo baru buka tuh pake debit gaco mana selaka rame bisa liat parkir luas penuh sama kendara makan sama ko kaya gaco cabang mushola bersih
68,layan kurang crew nya ngeliatan tatap sinis kurang enak tambah lgi musik kenceng lagu tidak enk dengr makan lebih tingkat layan
69,enak banget makan suasana nya bikin nyaman layan sangat baik sekali moga gaco buah batu makin sukses makin kembang yaa
70,antri panjang rame banget layan bagus jadi nunggunya terlakamu lama makan enak utama dimsum sama pangsit goreng harga murah tempat bilang nyaman buat buat nongkrong barengbareng
71,makan enak enakkk seruuu banget kemarin kesana banyakann d tunjukin tempatt nyamann jutidak
72,pesan pas jam tengah 11 siang meski suasana ramai layan cepat harga murah riah worth to try menu mie gaco porsi bikin kenyang menu udang keju enak recommended
73,udang keju nya enak banget sampai mesen banyak ini
74,mie gaco rasa emg enak banget harga sangat jangkau tempat nyaman rela antri kesini sayang pegawai bagi bersihin meja kurang teliti lama tunggu pesan
75,tempat lumayan besar nunggu makanannnya gk lama cabang lainn makan masih anget
76,pertama makan sini pas lgi sepi oke aja pesan sesuai ke2 kali pas rame trnyata sistem kacau pesan lama selesai terus kasih malah gk sesuai level sen level 1 tah kasih level berapa alhasil gk makan karna kepedesan cok
77,makan sini enak murah bahkan sangat murah sayang sistem antri yang aneh di peak hours di hari weekend jadi antri hingga keluar bangun
78,makan ber10 tempat duduk kasih cuman ber 6 duduk tempat malah usir makan usir tidak minta maaf sama sekali
79,dateng lebih duka udah duduk 20 menit buat nunggu sen tiba tiba suruh pindah tempat duduk cuman duduk dua kursi panjang tiba tiba cewe cowo ber 4 langsung nempatin bilang udah booking padahal baru dateng
80,gaco buah batu sangat enak senang sama teman sini sayang itu hujan jadi suasana nya gaenak seru enakk makanannyaaa
81,tldr happy makan harga di tempat rusak moodnya dengan tukang parkir minta uang parkir atas harga normal
82,tempat bagus luas rame terus ngantriiii parkir luass rasa mah standar pwdesssss nya pedes vangetttt harga murahhhhh bangetttt
83,pas kesana cuaca beranginnnn kaya butuh windbreaker lebih nyaman
84,layan bagus ramah makan nya enak tempat nya nyaman
85,izin sampai kritik rasa nyaman makan meja saya tempat sangat kotor sekali debu haduhhhhh si teteh nya mlah ngasih 1 sumpit gpp si
86,tempat enyaa enak pelayananya cepet makannannya pada enakk anget mienya jugaa hujan hujan makan mie sumpah enak bnget best poko gaco bubat
87,kalo beli gaco cabang mana selaka penuh sih baik take away maupun dine in dine in sabar tunggu sedia waiting list
88,gais hati kalau beli gaco aku udah duakali rs pertama masuk igd gara mienya padahal sen level 0 dua kali sen sen cemilan udang keju pangsit malah jdi alergi padahal gada riwayat alergi udang ayam pas dokter
89,layan sangat lama tau ramai online sama ofline kasir cuman 1 antri bill aja udah 15 menit antri makan sampe 30 menit lebih karyawanya jam makan siang rangin sangat ramai
90,udang keju kosong ada keju sama sekali 3 udang keju cuma satu ada keju mungkin lalai ramai pesan tolong utama nyaman mes
91,memang udah sering kesini sih servicenya oke banget selaka ramah cust bikin betah pluss pernah ngecewain sama sekali
92,kalau soal mienya gausah tanya enak kaya gmn udang keju beuhh kalau soal tempat bubat kaya deh soal kalau siang panas banget kurang nyaman aja kalau aku pribadi panas dampak kan
93,alhamdulillah bukber ramadhan thn 2025 gaco buah batu sama teh eva pertama kali beli gaco sini tempat nyaman luas bersih layan satset ramah lokasi strategis manteppp
94,the best banget layan nya makan nya hangatttt pegawai nya ganteng cantik rapih gesit pulaa mantappp
95,makan mie nya aman aman aja dimsum nya enak cuman betul pas dateng pas ujan besar jadi lumayan penuh antri nya lama karna hujan beberapa meja cerita outdoor jadi gk di pake saran
96,tempat nongkrong makan viral bandung tempat oke banget buat nongki aman lah kantong
97,baru kali kecewa sama layan gaco bubat udah 4 tahun kalo makan gaco kesitu karna emang enak kualitas oke hari dikecewain diskon 90 gagal aku claim kasir anak training baju merah gak
98,kapok gaco cabang bubat karyawan muka nya jutek jawab nya gk enak dengar ingat kalau konsumen nanya jawab ramah baik moga jadi baik depan nya
99,makanannyaa enak banget suasananyaa sejukk karna kena anginn layanannyaa ramahh cocokk makan seangkatann
100,makananya enakharga nya murah layan nya cepat rekomen bgtt poko
101,tempatnyaa enk layan ramah rame masih tetep cepet rekom banget poko gaco bubat buat makan
102,jos banget makan disinimantul pis pokok pegawe gesit antri panjangtempat luas bgtpegawai ramahbersihparkiran okekang parkir ramah
103,layan nya ramah meski nunggu lama karna penuh makan nya bersih good semua
104,mie gaco letak daerah buah batu bandung tawar alam kuliner cukup tarik salah satu cabang jaring restoran mie nama mie gaco hadir konsep mikat cinta mie
105,clean up benar meja kotor air kayak air susu tisu gk cuman box nya alhasil di lap pakai bill hasil beli di evaluasi
106,sekarang cepat nunggu driver datang langsung bikin
107,tempat sini slkamu enak buat nongkrong makan nya lumayan enak banget the best pokok
108,tempatnyaa enakeun pis poko adem makan minumannyaa jugaa enak banget best pokonyaa
109,kasir anak training baju merah tau soal diskon 90 harus claim pake qrs shopee pay aku udah claim 11 menu malah dapet diskon sebut padahal udah sesuai atur pas tidak dapet diskon sebut anak training
110,tempat nya rekomended banget layan nya ramah enak banget buat anak kuliah mau ngerjain tugas
111,salah satu mie gaco tempat luas tempat duduk banyak buka 24 jam antri tetap sih
112,suasana dapet dimsum nya oke banget mie gaco enak murah minum asa banget konsep open space nya mantep wastafel dan bersih sanitasi dan bersih kurang parkir mobil kurang pada jumlah unjung seluruh
113,tempat enak kalau jam jam siang kurang recomended kalau mau malamkesini ramai
114,semua oke kalo pisah are smooking non karna unjung situ semua orang dewasa yang bawa anak kecil balita tks
115,biasa selaka sen lewat aplikasi gfood kemarin betul lewat cobain ah melipir antri nya panjang tp alhamdulillah lumayan cepet ko layan nya mie nya maaf ke photo next time yah kalo kesana
116,tempat nyaman luas mie gaco banyak pilih menu mie level minum banyak pilih harga jangkau layan baik cepat tunggu lama pesan langsung ananti pesan makan antri karna memang mie gaco ramai parkir luas toilet sedia
117,tempat nya nyaman buat anak2 jadi ibu2 bawa anak nikmat buat makan
118,alam makan sini sangat baik rasa mie gaco sini lebih enak ketimbang cabang gaco lain makan damai kondisi pagi jam 11 an siap makan hitung cepat pokok best tingkat dan sukses terus
119,tempat makan luas nyaman makan enak murah pilih menu banyak
120,makan sama minum nya enak cuma mie nya datang duluan minum sama cemilan nya lama kali nunggu nya baik saja sih kalau minum duka terus makan nya dateng gitu sihh biar orang makan kepedesan
121,tempat saya udah enak banget sih saya pertama kali datang kesini layan lama maklulm sih waktu malming jadi rame banget
122,sbnrnya basic sih cuma kaya mie dicabein enak kok udang keju nya the bestt banget bgt liat banyak kota kota yang dapet zonk entah dr packaging layan tp aku allhamdulillah gapernah dapet zonk
123,berkali2 kesini ya take away layan nya lama karyawan cm ngobrol doang banyak pdhl take away pagi2 loh bnyk beli belum rame ya layan nya jangan banyak ngobrol
124,makananx enak tempatxnyaman pelayananxjuga bagus bgt
125,sangat jelek sesuai harga harus harga 25rn pas dateng harga 31rb udang keju air minum kurang sebagean teman tidak bagi
126,alhmdulillah beberapa kali makan mi gaco sini buah batu beda belum nya mi nya hangat makin nikmat makan nya
127,aku pernah jajan sanaduh tempat nyaman banget bagus buat poto makan nya enak murahhhh banget bikin kantong keringpokonya rekomendasi deh pingin jajan enak kenyang murah ayo datang aja gaco du buah batuayoo gaesss bukti sendiri
128,gaco sangat bagus layan ramah makan nya enak harga nya murah worth it to buy
129,mie gaco buah batu tempat nyaman karyawan ramah semua bersih makan kamu tanya ya
130,enak buangeettt pegawai ramah ramah poko mie nya cuma buah batu gaada di brazil inimah
131,bila masuk resto gaco sangat adem sekalifasilitasnya jamin nyaman bawa keluarga makan mie gaco buah batu
132,tempat nyaman makan lumayan harga worth it bangeettttt tpi agak kecewa dikit banget waktu pesan siomay ayam tpi sama waitersnya malah kasih lumpia udang gk ngeuh pas kasih krna saya gatau kalo
133,bagus banget tempat nya nyaman bersih awai nya pada baik ramah makananya enak pokok nyaa mangapp banget gaco buah batu
134,buka 24 jam makan minum enak bersih layan ramah sigap bersih
135,makan enak harga jangkau cocok buat nongkrong makan minum variatif pasti rekomendasi dehsedikit saran alangkah baik varian menu serta gambar untuk beli mula bingung tentu makan ingin saat mes makan
136,makan enak hemat kantong tips kalo mau dine in weekend datang jam 910 soal rada sepi jadi nunggunya terlakamu lama siang dikit byebye deh banyak datang jadi ekstra sabar tunggu
137,untuk karyawannya atur dalam guna toilet kalau emang satu sama customer udah lama bget pake muntah muntah segala kesan jorok tidak nyaman
138,makan enak layan nya baik kesini nya kelas
139,makan enak tempat nyaman layan nyaa ramah good banget pokok
140,gaco buah batu memang the best paling wowenak bangetpokonyaaa gaco buah batu baik buat karyawan dana pegawai pegawai lainnyaaa semangatttt yaa buat pekerjaannyaaa i lovee u gaco bubat
141,tempat lumayan parkir kurang buat mobil jaga parkir kurang baik segi seragam makan minum cukup enak bersih variatif untuk layan tempat mesan cukup bagus meski
142,baru lihat foto mienya aja udah bikin ngiler parah sih gaco harga murah murah banget pangsit sama udang keju paling juara tempat nyaman suasana enak kalo malamgak panas recomended menu udang keju mie
143,malem minggu tanggal 18januari makan situ tp helm suami ada ngambil cuma mw minta rekam cctv pgn tw siapa ngambil ajah ada respon tw bukan salah pihak gc tp tidak nya bantu karna kesitu jg
144,baru kali mesen dine in mie nya dingin plus keasinannnnnnnnn kulit pangsit beda kaya biasa kaya pangsit keras plus apek gituuuu mohon baik enak duka gaco
145,makan nya enak cm layan nya kurang bagus karna rame kali jd mbak aga buru mungkin cape
146,makan nyaenak ada kurang kurang nyagadapet ujang kedugeratis gpp ailobyu
147,makan enak layan nya cepat dateng jam 9an antri ngga terlakamu panjang area luas jadi leluasa pilih tempat duduk harga masuk murah
148,makan nya cukup enak suasana nya enak sama layan nya bagus lahh rat saya 10001000
149,lokasi strategis dekat simpang buahbatu soekarno hatta cuman males begitu pulang muter balik stop kircon dulu
150,udang keju the best sih kalau mie nya rekomendasi aku mie gaco kalau suka pedes beli level 0 aja soal level 1 aja turut pedes banget harga murah banget
151,makananan enak service nya baik ramah tempatny jga nyaman
152,tempat enak makannan enak pelayananya enak cepet best bnget buat gaco buah batu pokonyaa best tempat makan hoki
153,parkir motor 3rb per motor kalo emg urus ormas pihak manajemen gaco kontrol jangan rugi konsumen spanduk parkir tulis 2rb konfrontasi tukang parkir cuma bilang cetak lama
154,tukang parkir guna hilang konsumen tanggung karcis hilang denda kalo konsumen hilang tanggung jawab
155,definisi gaco jual dimsum mie nya opsional aduh gk faham sen level 1 pas buka cabe nya banyak bener kayak pas kemas salah order pas mau makan mie nya ngegumpal mateng dong terus mie nya kematengan padahal biasa pas kenyal parah sih emang rame banget cuman kan cust beli pake uang bukan minta
156,layan lambat dtng pertama di siapin baru dtang
157,tempat pertama kali aku nyobain gacoann seenakk senyamann ituu
158,tempat enak banget buat makan rame2 layan lumayan cepat sukaa bangett
159,makan enak harga muraaah layan baguss toilet mushalnya bersih
160,lihat selaka ramai nyata terlakamu karyawannya sangat banyak tp sptnya banyak diam sajatidak sibuk banyak anak2 muda nongkrong2 rasa lumayan enak murah
161,tempat asik buat dua rame makin asik mi nya enak sesuein aja level tambah minum makin seger
162,layan nya bagus banget tdi aku tinggal kacamata bantuin nyari sama si tth nya sampe ketemu pdhl lgi rame banget mksi yaa buat tth nyaa
163,tiduk suka layan nya manager cewek begitu sangat sombong rendah driver online
164,oke buat ngumpul temen temen bocah strategisberuntungny lagi rame
165,tempat rapih layan bagus makan enak semua
166,duka lewat mie gaco selaka kepo pada rela antri panjang nyata jawab telah coba dine in gaco buah batu
167,makanannyaa enakk polll layan ramah ramahh pokoknyaa besttt dh
168,makan nya enak murah tempat nyaman layan nya ramah ramah
169,tempat enak tengah tengah staf ramah gercep sedia makan minum
170,makan worth the price banget tempat strategist the best gaco in town
171,tempat enak nyaman makan enak gaco telkom buat nongkrong makan siang posisi di tengn kota enak poko depes buat gaco bubat
172,tempat nyaman strategiss walaupun pesan yang sesuai rasa mie nya enak rekomended
173,makan enak gurih piring minyak kurang nyaman makan tetep enak kok
174,mie gaco udang tahu sama udang keju emng favorit bangettttt betul dateng pas puasa gaperkamu ngantri panjang hihi
175,mes mie gaco level 6 thai tes udang keju mienya malah lain baru datang dapet duluan padahal sudah sini sejak pukul 0056 tetapi jam 0142 tidak sampai
176,pertama gaco sini mienya gurih entah di pakein asin engganya padahal beli level 2 tp overall gapapa sih mungkin karna rame banget soal beli pas jam makan malem
177,mie gaco enak pedes level 3 rasa bangett waiting list nya lama bangett jam doong huhuuu terus tempat duduk ngacak nomor engga rurut kasi mba pegawai nyarii terus mungkin tempat baru jadi mas banyak hewan ih terbang pas makan ada aja hewan baju engga ke makan
178,bakal jadi tempat kenang bareng temen asrama udah bandung
179,datang sore habis ashar weekday tll penuh nyaman buat lama2 diburuburu meja muat 812 orang orang minimal spend money 20k udah makan kenyang plus minum anak2 main lari2an depan mini stagenya
180,tempat makan bersih nyaman parkir lumayan luas cocok buat kumpul sama temen keluarga
181,price murah riah taste yummy service quite nice banyak crew nya place spacious comfy outdoor indoor
182,lumayan asik buat ngumpul bareng harga makan murah kantong ajar
183,parkir mobil 5 ribu coy isi nya preman mabok semua sampah
184,layan nya ramahh makan enakk datengnyaajugaa cepett
185,enak polll tempat bersih nyamannn
186,mesen lv 1 tp pedesnga kayak lv 3 banjur air dikit biar ngendap cabe nyata banyak pantesan dtg pas weekend rameee pis makan jd lama dtg
187,layan nya bagus cepet terus makan nya enak
188,ga makan tempat soal buat makan rumah bareng keluarga tempat di empat buahbatu arah cibiru parkir penuh sama motor bayar 3k parkir motor
189,kasir atas nama trainning trainning biar layan baik lebih ramah dalam layan langgan makan dan susanannya oke worth it buat harga
190,segi kualitas makan sangat enak layan costumernya senang moga tahan baik
191,beda outlet ada beda bijak kalau sini misal hendak dine in pesan meja lebih dahukamu sama pihak weiting list itu baru antri pesan menu terimakasih
192,suasana rame banget tp yang sampe ngeganggu gitu nyaman bingitss
193,tempat enak pelayananya nyaman murah bst bngt bubat poko enak buat makan
194,makan paling favorit sih udang keju nya jadi khas kalo kesini wajib order waktu dtng mndekati waktu buka puasa itu diananti meja sblm adzan kumandang suasana selaka ramai jadi kalo mau makan tempat gercepan sabar bestie
195,suasana nyaa mantapp makan nya selaka hangat
196,gaco hambar banget gaada rasa kecap manis samasekali
197,tempat nya bagus adem layan baik makan enak nunggu lama
198,paling malas kalau udah antri tempat duduk malah suruh pindah sama pegawai suruh duduk tempat buat 2 orang padahal tiga sama anak udah gede udaj pindah nempatin padahal cuma 3 orang eh dibirian kok
199,sempet lap bagi di foto bersih
200,makan nya enak kurang enak waktu adik pakai topi warna pink sendal hijau waktu berpoto sebenanti liat meja nya topi sendal nya hilang saya mungkin ambil sama pegawai
201,layan nya baik ramah terus makan enak terus tempat bersih
202,tempat nya nyaman mie nya enak gurih kerja nya ramah ramah banget pokok fav banget buat gaco bubat
203,tempat enak riah banget aku ngerayain ulang tahun makasih bnget gaco buah batu suka bnget
204,hari baru banget pulang gaco cuman kurang puas segi layan makan nya pesan mie gaco level 1 2 orang tp di makan tingkat kepedesan
205,teteh lisna baik banget yah sama makan nya enak yah harud tetep juara yah harud jadi no 1 indonesia yah mantap
206,udang keju nya mantab matcha nya wenak layan nya amazing tempat nya bagus pokok mah edan we
207,layan bagus makan enak tempat nyaman pokok thebest
208,tempat ramebersih layan oke deh pokok
209,layan bagus ramah pokok gaco buah batu best
210,gaco emang pernah kecewa udah harga nya murah rasa enak banget suka benget
211,tempat nya nyaman makan nya top
212,siomay nya enakpelayanan nya baikpokoknya sukses selaka buat mie gaco bandung
213,pelanyanan kasir kurang kena sekali gaco buahbatu senyum sama samsek ketus
214,cabang baru buah batu lebih dekat kostan rasa mienya enak minum lebih besar porsi harga tetep murah
215,makan enak enakk layan ramah ramahhh sukaaa polll
216,tempat bagus nyaman leseh duduk kursi area luar ada tempat makan dalam cocok untuk ngumpul bareng teman makan enak enak harga jangkau
217,barusan sana niat buat nongkrong smbil makan habis pulng kerja eh malah d sambut enak sama kasir cwo bahasa kurang kena ngerti msih training tpi dri segi bahasa masa gabisa kontrol customer niat pulng kerja cape
218,tempat nyaman mienya enak ngga terlakamu asin udang gaco mantap bgttt jua meler
219,makan jujur si akan pernah bosen karna memang murah enak memang gaco cocok makan tempat jadi mie nya angeut tambah level pedas hot wah mantulllll betul
220,pesan dimsum kertas dimsum nya kecoa mati tempel sumpah jorok banget ilang selera makan
221,makan enak sekali layan bagus tempat nya bersih
222,adik teman makan sini kemarin malam makan level 0 qodarullah jam 1 ke rumah sakit rawat igd langsung diagnosa racun makan sama mohon semua tim crew di cek ulang aman dan bersih bahan bahan makan tidak lagi jadi sama trims
223,makan enakkk bangttttt terus suka udang kejunyaaa tempat makan bersih layan nya baikbangetttt
224,hai gaiiis sekian kali gaco sini recommended banget belum hayuu buka 24 jam buat begadang gabut tengah malam mampir aja ramah semua layan
225,enak murah banyak pilih baik makan minum toppingpendamping makan
226,bukber sini benar benar seru makan nya enak enak layan kaka kaka nya sangat ramah madep deh pokok
227,lebih tingkat layan nya mesen udah 1jam lakamu pesan nya ready padahal terlakamu ramai
228,teteh lisna layan ramah baik banget mkanan nya enak mantap
229,tempat bersih layan nya ramah makan mantulll
230,kualitas layan rasa makan sesuai harap mantap
231,biasa gaco emg enak layan gaco buah batu enak pada ramah2
232,makan tempat semua ambil sendiri udah gitu pas alat bunyi disamperin malah mie nya jadi alhasil nunggu tukang parkir banyak korupsi tulis tarif parkir 2 rb pas keluar tagih 3 rb alas tarif promo ribu nya buat orang situ di evaluasi jdi males buat tempat sini
233,selaka rame enak 24 jam favorite udang keju no debat beli sihhh
234,makan enak dateng sini aga telat tetep anget tempat lua
235,makananya enak layan ramah cepat
236,enaakk tempatnyaa makan nya jugaa enak poko worth it guyss
237,kurang suka sama meja kotor lap nya kotor sih walaupun udah bersihin kaya minyak gitu lengket meja
238,makan tumpuk sangat banyak 2 jam diam ngabageul jadi dingin kerja bagi depan banyak managernya kurang memanage
239,plis lah ngasih garem jangan banyak ngeri darting sen gaco kecap dikit mana asin banget lg
240,nyaman tempat buat tempat duduk banyak kuga pelayanannnha baim
241,layan mesan parah sampe 2 jam tambah minumanya susul saya samperin br layan
242,tempat bagus nyaman makan gaco enak the best poko 1001000000
243,tempat nyamann n layan bagus bangett enakk lagieee
244,aku pesan mie hompimpa level 6 aku terlakamu pedas enak layan nya bagus cepat tunggu pesan terlakamu lama
245,buat bagi kasir mohon ngelayanin customer fokus temennya lain jangan ganggu fokus ngasirin td sampe ber ulang ulang nyebutin sen ujung tetep sen ada tidak input depan mohon untuk lebih teliti fokus lagi ya semangat guys
246,alat ambil pesan bunyi kirain bakal udah jadi tau suruh nunggu mie siap saran kalau memang belum siap pesan nampan nya jangan bunyiin alat lumayan nunggu 8 menit meja ambil mie nya terlalu
247,take away aman2 aja tugas teliti gercep
248,layan sangat bagus saji makan cepat
249,layan gercepp tempat enak bnget rekom banget buat nongki pokonyaa
250,bgtu lah mie yamin cengekin mana cengek nya kurang halus njir kan maka ada yang nyelip gigi gw tuh cabe
251,datang kesana pukul 2130 dine in tidak antri sama sekali pesan ojol antri panjang banget jadi gk penasaran rame terus nyata harga gk masum akal pangsit mewah cuman mie nya nambleg kaya kaku gitu
252,tempat bersih layan ramah baik tempat bersih makan lama nunggunyaa
253,makan enak layan teroganisir baik parkir luas lebih nyaman take away aja
254,makan nya enak layan nya bagus banget sukaaa
255,layan bagus makan enak
256,harga jangkau makan enak kasir sangat ramah layan sangat cepat
257,tempat makan nyaman enak makan sini tuh terlakamu antri antara mie gaco lain
258,makan udah top banget usah ragu layan kasir baik ramah layan staff lain sama ramah dari suasana bagus cocok kalang anak muda top deh
259,layan kurang baik trus udang keju nya asin sama mie gaco nya rasa anehh
260,suasana nya sangat bagus makan nya sangat enak pokok gaco buah batu paling the best
261,tempat nya nyaman layan nya cepat ramah makan nya enak
262,ramah banget kasirnyaaa sambut baik mie gaco nya euhhh enak bangettttt bikin gabisa berpalingkeren ken terus sini karna rasa ubah ubah loveeeee
263,gaco emang enakk suka banget dr jaman sma cuma lagu dr duka yang galau terus deh wkwk
264,makan nya enak harga nya murah riah cocok kantong ajar
265,enak banget makan suasana layan okee
266,enak murah tempat nyaman kalau mau kesini jangan pas jam makan penuh bgtttt ngantri waktu kesana jam 10an begitu ngantri kalau udah sen gk nunggu lama udang keju nya favorit
267,layan muas harga jangkau tempat fasilitas bersih
268,enak banget buat curhat makan nya enak pollll layan bagus
269,keren banget gaco sini beda yang luar biasa kasir nya masya allah sangat muslimah
270,waktu rabu minggu kemaren makan mie gaco level 3 kurang asa pedeslayanan mah enaksuasana lumayan
271,mie gaco buah batu emang the best layan bukan cuman buat orang beli untuk numpang air di boleh terimakasih gaco buah batu
272,nunggu pesan smpe jam lebih kacau kelar kelar kalo kurang orang tambahin smoga dapet order akhir d gaco d buah batu lebih baik d gatsu smpe nunggu 1 jam lebih meski rame sekarang msih sama ga
273,udang keju nya gedeenakkk
274,layan bagusbersih harga jangkau nyaman maman enak pokok muas
275,layan ramah makan enak first time makan gaco enak
276,kalo bandingin gw seh lebih sreg sama layan mie gaco bojong soang lebih efektif efesien dah gitu ramah kasir gercep banyak ngobrol
277,tempat nyamanmakanannya enakorang nya ramah
278,so far so goodsdikit saran nihparkiran kn bayartolong fasilitas nyaman aman ny mngkin ksh kanopi biar teduh gtuu
279,tunggu makan terlakamu lama sempat bosan laper beratuntuk rasa lumayan enak sempat peleset jatuh gara keset dekat wastafel licin lebih perhati nyaman langgan bos
280,makan enak langgan mie gaco udang keju nya enakk bngtt
281,tempat nyaman sama makan enak
282,jujur banget meja tempat duduk kotor banget yaa sampe pulang sana celana jadi item trus soal makan enak biasa beda kaya di cabang tpi bisa masuk kalo soal makan jujur kalo soal
283,jalan ninja adalah mes gaco pas jam buka toko jadi proses lumayan cepat kurang satu jam pesan rumah pernah pesan waktu jam makan siang lama banget jam lebih baru
284,seruu karyawan nya ramah baik layan nya cepat sat set
285,gatau asa gaco bubat mah lebih kering lebih pedes kalo gatsu nyemek manis kapan gw bosen sama gaco yaa btw sama lagi
286,tempat nya nyaman enakmakanan murmer enak pokok nya pas buat nongkrong bareng keluarga temen temen
287,makan minum udah enak biasa nya terus suasanannya adem pengap paling luas area colok buat charge handphone sama laptop
288,akuuu suka gaco buah batu tempat bersih bangettttt layan nya gercep jugaa betah sini soal lagulagu mau kesini lagiiiii
289,ayo masa packaging kotor gin dipake bikin gk nafsu makan aja kantong kresek segel ripet jdi gk mungkin kotor atar
290,enak bngett mienyaatempatnya enak bnget adem best buat nongkrong
291,minta ada gaco buah batu lebih teliti dalam buat pesan pesan take away di dus level 2 3 jelas untuk level 2 pedes banget level 3 tidak terlakamu pedas kaya
292,layan parkir bagus ramah sesuai tarif mie nya kurang panas
293,seru asik buat ngumpul keluarga reuni keren makan nya enak semua
294,coba mie gaco pertama kali antri cukup tertib nunggu terlakamu lama cuma parkir nya mahal mie nya 10k parkir 3k sama aja beli mie 13k wkwkk
295,service excellent tahan jangan kasih kendor
296,tempat luas banget bersih staff ramah makan as always enak mungkin kurang komunikasi ananti staff udah mau tutup tp msh staff ngasih nomor dine in semangattt staff gaco
297,all good layan nya ramah
298,hoax besar soma dingin gratis uang fakta soma dingin 1 soma makan masa lepeh tahu dingin pas mulut mau di muntahin ngga enak kalian kariawan bnyk orang masa sy
299,layan bagusmakanan enak suasana oke
300,benci banget sama kang parkir udah 2x palak tulis gede gaban parkir motor 2000 palak 3000
301,makan cepat saji bersih oke
302,tempat nya enakeun lumayan luas jugaa makan nya enakk
303,gelo mesen nunggu 1 jam padahal ker sepi loba paggawe ge percuma gaco bubat mhga pungsikaryawan na lengle
304,dong pihak gaco gmna parkir kan pampang 2k knpa tagih nya 3k asa gaco lain 2k pungli bayangin aja se hari motor masuk ribu motor kali 1k udah
305,makan bilang murah banget tempat cozzy banyak spot foto makan enak macam tuna cukup lah buat nongkrong bareng temen sedia tempat duduk buat dine in banyak biar orang makan tempa
306,tempat nya nyaman luas murah riah cocok buat reuni an
307,halooo ih gaco bagus banget tempatnyaa makan enak layan oke suasana baguss
308,mie nya enak kenyal wort it ramah kantong pelajarpelayananya baik
309,sperti biasa mie gaco selaka ramai mana selaka harus sabar antri baik antri cari tempat juga antri kasir lebih nya mantap nyaman makan nya punya khas nya masing masing
310,suasana nyaman betul tdk terlakamu ramai dr biasa tmptnya bersihpelayanan cukup baiklumpia udang enak fresh juicy manis gurih udangkeju nya enak potong besar minyak goreng bersih jd wrna nya bagus ngga hitam
311,mantapp selaluu enakk isi kosong perutt
312,lelet lama rugi buat driver mending gaco gatsu gesit ramah sudah lelet jelek
313,tempat ramai harga murah saran aja datang jangan pas makan siang ngantri
314,tempat nyaman suasana baguseni cukup 1 kurang tidak bayar pake dana
315,selaka ramai unjung konsumen rela antri tempat santai makan nya bikin tagih rasa
316,tempat nya nyaman layan baik rasa nya mantap
317,makan enak tempat nyaman
318,makan murah tempat enak hujan2
319,makananya enak enak harga nya worht it banget tempat nya nyaman bikin pw
320,assalamualaikum sini mau kasi ulas sini tempat bagus layan ramah pokok great
321,suasana tempat nya nyaman makan nya cepat saji
322,kasir kembali kurang muka tiap kembali bukan 1x 2x kesini bukan masalah nominal tp kalo jumlah banyak lumayan manajemen coba baik
323,mantapp
324,gaco buah batu mantap segi layan nya oke bangetttt
325,murah enak goreng udang keju kalau makan tempat selaka antri gakuat banget antri mending order gofood aja
326,tiap kesini penuh antri 2x antri no mejaantri pesan tiap kesini turun hujan alhasil makan ciprat air hujan makan enak harga murah
327,tempat nya bagus cukup aesthetic layan nya ramah
328,makan murah enak bikin kenyang tempat favorit ngasuh bocah deket rumah
329,walaupun ngantri nya lamaaa bgtt tetep mantap udah mantap murah tempat luass
330,makan cukup enak layan baik
331,enak bangetttt tempat jutidak nyaman
332,tempat bagus bersih nyaman
333,tempat nyaman adem makan murah murah anjir mantap
334,suasana nya berisik banyak anak kecil lebih enakkennn
335,makan nya lumayan enak harga 10rbuan minum sen icetea rasa gula manis banget gada rasa teh nya pelyanannya kurang baik ngerasa kurang aja layan waiterswaiter nya kerja baik
336,rame banget not recommended kalo pepet lagi laper soal buat takeaway aja rada lama servicenya bagus langsung disamperin pas antri tanya takeaway dinein
337,layan baik makan nya sangat enak harga nya murah
338,makan layan suasana udah bagus cuman sayang tukang parkir banyak korupsi situ udah jelas kalo motor 2rb mobile 3rb kemarin kesitu malamditagih 3rb alesan tentu parkir mulai tgl 1 oktober ahaha
339,makan layan sangat bagus
340,layan ramah makan enak
341,kesana jam 7 malam sama anak sy bawa anak kecil kurang nyaman udara buka angin itu cukup besar mudah segera sedia tempat lebih sedikit tutup kalau malam terlakamu banyak angin cuca tidak dingin
342,suana nya enak terlakamu panas manana nya enak hangat mantap pokok
343,waktu datang kesini sedang hujan lebat beberapa tempat makan dapat guna area outdoor kami waiting list dapat tempat makan
344,makan enak layan baik
345,harga murah rasa murah suasana nyaman sekitar empat buahbatubypass bandung
346,enaaaakkkk mie nyaharganya murah meriahparkiran luasok banget
347,harga murah layan mulai self service cepat
348,tempat enakk nyaman kasir ramah layan baik
349,cocok yang suka mie pedas rasa enak bikin nagih makan tempat take away maupun pesan online instan shopee foodgofood grab food
350,mungkin memang orang orang dapat layan baik akan tuju dapat tapi pun alam pertama dapat layan buruk mie gaco buah batu mie belum datang hampir 50 menit bahkan minum es nya banyak cair semua baik ya mohon
351,anakanak neng bawa kesini layan gercep suasana nyaman harga murmer bikin boncos uang belanja
352,rasa lumayan enak tp kalo rame terkadang saji lama
353,tempat makan aneka mie dimsum bagai macam rasa level pedas lokasi strategis tepat empat setop lampu merah simpang jlsoekarno hatta jl buah batu bandung banyak kunjung konsumen
354,udh buka cabang mana rame terus maap buat teh tarik nya pait tp overall enak
355,makan enak layan nya bagus ramah
356,palayanannya sangat ramah tempat luas bersih makan enak mantepp bngett poko
357,pas beli kesini antri banget rame banget ngga meja alhasil take away tp makan enak sih murah
358,bintang 4 aja lah udah lama antri mau pesan tanya udah dapet nomer waiting list alhasil ambil duka si teteh bagi nomer antri dari belakang buat jadi perhati nih untuk bagi waiting listnomer duduk 1
359,sen shopeefood benar sih kok gaada pangsit nya mungkin lupa gmna nyajiin nya bener bener baru buka cman mie doang sad banget padahal pangsit nya enak
360,tempat layan produk baik moga tahan
361,sejak kapan siiii gaco ngga enak tt enak banget plis plis plisssss
362,makan nya enak banget layan nya baik pegawai nya ramah ramah
363,hari selasa 10 september 2024 dapat layan manusiawi mie gacoanmereka kerja sdm rendah sekali seolah2 kerja manusia tidak pernah sekolah nama pegawai tidak perlu
364,alam makan sini sangat senang layan sangat mantap
365,layan kurang nunggu hampir 2 jam itu di susul mana pas dateng makan sesuai kecewa sih udah keburu ilang selera makan
366,makan oke lebih apa sedih banget tiga kali sini bagi panas pegawai nya gaada inisiatif apa apa parkir naik jadi 3000
367,tempat enak nyaman buat kumpul kumpul enakka bsttt
368,makan enak banget rasa pas trus suasana gaco buah batu nyaman bangett
369,minimal kalau parkir bayar aman jaga boss
370,layan lumayan tempat nyaman kamar mandi nya bersih parkir luas sayang makan kurang gurih manis jadi lebih cenderung rasa pedas nya kalo banding kan mie gaco bojong soang lebih enak di sana
371,tempat tdk luas di paskal or dago or gatsujadi pabaliut kalau antri weekendkalau soal rasathe best lahharga jangkau bgt
372,bayar parkir udah tulis 2000 aja paksa bayar 3000 bayar pajak serba sendiri ngambil order sendiri bersihin sendiri kariawannya malah main hp
373,sy pribadi tempat parkir suda namun antar makan aga lama pas santap makan nya dingin kalo pas hidang nya tuh hapus hangat biar lebih enak makan nya di baik sistem nya
374,nyaman bersih enak makan terlakamu pedes alias pas hehe buat nongki
375,tempat nya nyaman makan nya enak
376,segi layan oke rasa oke cuma kesel sama kang parkir wk tulis udah jelas buat parkir motor 2k pas gilir bayar parkir ngasih 2k malah tagih lgi kata kurang sebell bngttt matak tereh benghar euy bkannya
377,tempat nyaman parkir cukup layan baik crew ramah tamah
378,makan nya enak juga murah worth it
379,mie udang keju enakk bgtttt tempat nya nyaman apalgi layan nya baikkk top pokoknyaaa
380,music nya enak dengar bikin mood makan jelek malah kemarin di tempat horor nanya sama staff perempuan jawab nya ketus banget music nya minimal ngehits udah lama nunggu seengganya denger music enak dikit kek
381,tempat jadi saksi kami dua banyak kenang sini tempat nyaman kualitas mie dimsum selaka sama sukses terus gaco bubat
382,enakk bgtt pesesnyaa bikin nagiss harga worth it
383,makan nya enak layan baik puas banget
384,layan nya baik tempat bagus cuma yang kurang satu tisu nya
385,makannanya enak enak tempat nyaman cocok keluarga teman teman
386,makan nya enak
387,layan nya bagus antre lama karna mau jam makan siang makan datengnya lama banget lokasi strategis deket empat
388,sekarang ada colok buat nge charge handphone
389,miee nyaa enakk bgttt layan nyaa cepet dann staff nyaa ramahh ramahhh bestt sihhh
390,ademmm udang keju nya the best
391,makan enak fasilitas okepegawai ramah ramah semua terimakasih
392,tempat bikin nyaman tempat bersih sangat teliti bersih layan sangat muas
393,tempat nyaman layan ramah
394,makan nya enaakk layan nya pada ramahh banget nyesel dateng kesini
395,mohon banyak meja makan tempat masa ujan gede aku take away uda jauh2 datang gada tisu
396,makanaan enak sesuai harga layan baik ramah
397,mantap nyam sampailayangan nya ramah sekali banget
398,mie nya kurang matangpangsit nya dalem nya kurang matangapa mungkin datang terlakamu malamsaat pegawai sedang bersih2 mau tutup jadi masak mie nya kurang mateng
399,makan nya enak banget layan nya sangat baik ramah sopan pokok nya mantap deh
400,makan enak tempat nya bersih ramah anak layan bagus
401,layan lelet banget bungkus lamaa banget malah tumpuk tumpuk meja knpa bagiin absen malah kumpulin di tumpuk jelas
402,tempat kuliner favorite harga murah literally suka makan pedas mie nya enak juicy dimsum pangsit paling enak tempat luas selaka kembali
403,sukaaa bangett sma tempat layan nyaaaa
404,masa iya gada opsi buat unjung jam 2300 cash only bad service
405,layan cepat makan lumayan cepat datang aku kurang suka mie rasa lumayan karna harga murah asli dimsumnya enak banget
406,layan bagus ramah saran aja tidak tempat ngecas bbrp meja habis batre hehehehe
407,maaaf layan nya baik yaaa ka masa ko pas mau dine in waiting list orang nulis waiting list nya mundar mandir terus tadi stay di depan gituu kondusif banget sih makan nya nunggu in lama banget tuhhh
408,penuh luka pelayaannya cepet kok parkir bayar 2rb
409,makan enakk banget tempat nyaman
410,kakak baik makan sangat muas
411,bagus tempat nya makan nya enak adem layan nya bagus
412,tempat luas nyaman layan ramah
413,layan cepat atur langgan dinein takeaway n online atur jd gk semerawut antri tdk diri lamagood job
414,layan baik bangett tempat bersih jugaa
415,makan enak tp satu komplain makan level satu mie gaco kaya level 5 alias pedas bangetttt jadi gabisa nikmat makan pedes banget banget bangett sampe saya mual sakit perut 3 hari padahal sen
416,makannnya lama request konsumen dipenuhipas dateng kotor bgt
417,makan enak cuman layan lambat
418,enak banget udah bbrp kali kesini kesini heheh
419,layan nya lumayan cepat ramah sigap cabang sini dianterin langsung tempat duduk nya
420,tempat nyaman bersih layan okey
421,mantap tempat nya nyaman
422,enak sejuk adem ada amen mantap enaken
423,inti sabar mengantrienak jangkau
424,makan enak tempat nya lumayan luas
425,enakkkbagus jugaa tempat nya poko debest deh
426,harga murah layan baik makan enak the best
427,enak banget mantap
428,tempat enak nyamanmenu makan nama2 setan
429,layan cepat para pegawai responsif sangat ramah
430,tempat enak makan enak best poko
431,layan nya ramah tempat nya nyamaann bersihh
432,tempat nya bagussspelayanan nya baguss tempat nya nyaman buat nongkrong hihi
433,layan nya ramah bangett suka banget
434,tukang parkir nya ramahtempat nya enak ken
435,makan dingin sajiin mana makan di take away minimal anget kagak anget sama sekali bad banget ketimbang cabang
436,layan nya ramah pesan cepat antar
437,serving time nya set jam worth it buat nunggu karyawannya banyak panggil makan lama tidak rurut sesuai antri makan dingin di ambil
438,tempat enak makannanya enakk janlup kesini
439,baru kaliini makan gaco mie duluan dtg haus banget ngarep minum cpt dtg eh malah lama kali baru 20 menit duduk mie udah dateng minum baru dtg sampe mie udah dingin nunggu tu minum udah selera makan tapi laper yauda deh pdhl store begitu rame dine in
440,makan nya enak tempat nya nyaman bersih
441,antre selaka panjang penuh tidak pernah bosen sih makan sini
442,tempat luas makan minum enak enak
443,layan sangat ramah cepatbuat tempat enak nyaman banget sihpokonya the best sih tempat
444,makan enakkk
445,tempat buat ngasih tau mie sama level gampang cuma tinggal kasih ceklis aja sih malah nulis gajelas gin rawan ketuker
446,bagus layan baik ramah tempat keren harga jangkau
447,makan utama mie rasa hambar pangsit krg matangkeras udang lumpia asin dapat saos minum greentea rasa sabun cuci mamalemon teh tarik maniss poll pling masuk d lidah cmn air putih
448,gk yang lebih etika tukang parkir dah gitu mahal
449,layan kasir nya sangat ramah tempat nyaman mie nya enak banget sukses trus gaco
450,layan cepet bikin nunggu lama alat makan sama tempat bersih tidak cecer pokok semua sii bestt
451,aku dine in sama take away dua duanyaaa rasa aneeh sih buat dine in fi nya sangat beceekk terus mie nya udah sedikit asem sama bau tepung udang keju asem kl makan di take away nya becek sampe rembes si
452,bagus tempat nya nyaman makan enak sama penglayannan bagus
453,enak banget udang keju ny lama
454,seru banget layan nya cepet banget ramah jugaa
455,mie gaco enak suasana nya enak mantap poko plis jangan naik harga sya cinta mie sgt rekomendasi gaco
456,tempat enak asik makananya enak karyawannya ramah2
457,tempat sangat bguss layan menyrnangkan
458,lama banget nunggu makan nya sampe 1jam lebih kalo laper malam mending jangan kesini keburu salatri ceuk orang sunda mah air habis makan jadi
459,enak layan nya sangat ramah bakal balik kesini
460,mampir pas jalan makan mie gaco emang the best
461,mie angel ada rasa siomay ayam enak udang keju enak es sundel bolong enak es tuyul enak
462,makan nya enak layan ramah
463,makan enak bersih adem
464,tingkat soal pickup order ojol aga cepat sih lebih good
465,layan nya cepat makan enak
466,layan cepet makan enak tempat nyaman
467,mie nya enak tempat luas harga jangkau
468,izin ngasih masuk kak mushola nya agak perhati lantai nya licin sama mukena buat perempuan maaf bau banget seperti beberapa mukena harus cuci ulang buat semua udah bagus banget makan enak tisu abis langsung isi ulang layan ramah makasihhh
469,lisna nya ramah baik
470,tempat nyaaa nyaman toilet nyaa jugaa bersih
471,makan enak udang keju
472,bawa pulang rasa nya beda pesan mie gaco level 1 pedes kaya level 3 sdngkan makan tempat nya level 1 pedes sama sekalilebih perhatiin untuk masak nya jangan lupa bilass duka masak
473,kalo mau kesini hindar jam 112 siang 58 malam selaka penuh kalo penuh sedia ruang tunggu bagus gaco buka 24jam
474,parkir motor mahal pdhl harga makan murah2
475,suasana nya adem makann nya enak
476,wajib kesini sie makan nya enak bangett haraga jangkau
477,layan mah cepet sih cuma mienya tidak enak kaya cabang setiabudhi dingin gitu pokok beda laaah
478,enak banget tempat nya bersih jutidak
479,mie nya nge mie banget enak deh ujang kedunya ngedu banget
480,mantapp pokonyaa wajibbb bangett kesini
481,sangat sayang sistem bayar nya begitu flexibelada jam jam tentu mengunakan debitdan jam tentu bayar cashseharusnya flexibelsampai mood makan
482,makannanya enak udang keju nya paling mantap tempat luas
483,banyakin kerja meja banyak tidak sempet resin crowded
484,makan nya cepet datankeren suasana nyamann
485,segi makan oke enak layan bagus tempat oke nyaman
486,layan resto sangat muas pesan buat driver tiba resto sdh jauh jauh tiba resto antri sehingga tunggu pesan jadi lebih lama kasihan customer tunggu pesan lama lagi posisi resto pas perepat buahbatu sdh macet antri lama tunggu
487,layan gelo mes tp datang2 stelah complain nyata bom bikin waitersnya pas anter mknanya acak2an bnyk lama jutek sih liat mrh tp masalah cm aduh acak2an sampe mie nya nempel bawah piring
488,makan enak tempat nya nyaman
489,tempat luas nyaman makan murah enak
490,dear personalia gaco buah batu jadi kapok gaco di buah batu kapok bagettt tau gaco emang selaka penuh saya udah pernah coba gaco beberapa tempat ini paling
491,mie nya enak pas sama selera sendiri wort it bangett pokok enakk
492,layan ketus kalo misal cape usah kerja lah y waktu sen mie gaco nunggu lama lah soal rame maklum
493,nunggu lamaaa banget hampir 130jam resto kotor bau layan kurang ramah
494,pelayanannyaa ramah tempat bersih nyaman
495,makan nya enak layan nya bagus
496,enakk tempat antri pelayanann cepett mie gaco rasa passs
497,suka penuh tidak bagi table enak murah
498,nyamann enakk
499,si online offline asa jorok banget packaging nya beli online kedapetan kotor tempat di tingkat lgi
500,makan enak layan baik ramah meski kadang sering tukar tingkat pedas
501,gilq gw nunggu datengnya mie sampe 1 jam tengah padahal orang datengnya gw udah beres makann makannaan gw dateng
502,mie nya enak layan bagus tempat jga nyaman
503,gua ngasi rate service jelek waktu minum gua tumpah posisi salah pegawai gaco ngasih minum pake tray lepas tray nya sama sendiri terus gua tanya dia ganti minum
504,makan nya enak sekali
505,tempat suasana nyamanpelayanan baik makan enak
506,jadi lebih baik segi makan tolong kebersihanya lebih jaga pada saya lewat parkir tepat jaga kalo bayar parkir ituada sedang sih sampahlimbah cair gaco aroma pekat kena hidung moga lebih baik
507,harga cocok makan nya enak layan nya bagus ramah ramah
509,harga segitu worth it lah tapi soal rasa gaco kadang kurang gurihkurang manis rasa hambar tidak bumbu tepat soal pedes tidak konsisten kadang saya selaka order lvl 1 kadang pedes kadang
510,tempat enak makanya enak ramah ramah
511,tempat nya nyaman
512,kesini pas mau jam makan siang jadi penuh bahkan yang di waiting list dulu
513,lvl 1 tp pedas nya gk kira
514,makan nya enak mantap
515,layan ramah banget sukakkk
516,tingkat layan meski sedang booming viral buat nyaman beli tidak banyak
517,kasir suka nanya nanya nama driver kan udah tera mie gaco tidak propesional banget sih biasa tingal sebutin aja nama
518,mie gaco nya enak layan nya baik ramah ramah pegawai nya
519,makan nyaa enakk layan nya ramah cepatt
520,gaco jarang sepijadi buat kalian laper banget mending pilih tempat makan duka deh ngantri lama wkwkwk
521,gaco bubat mantap segi layan makan
522,nyaman sekali banyak arena makan aesthetic
523,layan ramah sekalisenyumnya gapernah tinggal
524,layan nya baik layan nya ramah
525,layan nyaaa baik lumayan cepet buat layan nyaaa ramah ramah
526,tempat keren makan murah sesuai selera
527,layan ramah cepat tempat bersih cleaning servicenya rajin bersihin tempat
528,kereenn lahh gacoann buahh batuuu welll pisann
529,makan nya enak suasana bagus
530,makananya enak mas hangat mie nya lembut layan baik
531,selaka rame ngantri jadi sabar
532,sangat muas top poko
533,beli gaco d bubat ada kembali 2rb perak parah bangtt kelas mie gocoan ada receh 2rb perak
534,tempat bagus pegawai ramah ramah
535,kok gaco buah batu jadi beda banget yahh tadi aja ngantri kasir ibu pake kemeja putih berisik minta ampun ngerti loh order banyak gausah teriak teriak lah gaco open kitchen loh maka suasana
536,tempat enak indor autdor luas rokok autdor kasrinya ramah gercep
537,tempat tidak pernah temu sepi kunjung kesana mie gaco aku kurang suka karna bawang daun opsional pangsit enak banget suasana instagramable banget pasilitasnya lengkap kamar mandi musholla
538,buset sen grab grab nya nunggu hampir 2 jam lebih gila si kasi si bapak
539,enak bangettt layan baguss
540,sumpah baru pertama kali gw makan gaco tantrum edan emosi cara lihat kerja krywnnya kualitas layannannya sangat2 minus baru kali gw makan gaco ditmpt terus ken yang takeaway makan gila gw kudu antri
541,tempat enk nyaman makan tempat
542,tukang parkir nya ngak ramah maap yahklo restoran 5 sayasoalnya kalo jadi kang parkir nya bantuin keluarin duka gitu bantu pindahin gitu biar keluar motoreh malah diem aja stay tempat depan nunggu motor keluar bayar lgi bantu jga ngak harus bayar lgi najis tukang parkir nya
543,makan enak suasana nya nyamann
544,coba bersihin sela meja nya kotor banget ituuu
545,makan enak layan mantap suasana selaka ramai
546,tukang parkir nya goblok
547,gin 17k aja murah riah rasa enak pangsit tambah tempat bersih nyaman
548,layan kerja fb kurang yahsoalnya kan saya rombong arahin duduknyaa gitusemoga di baik lebih di arahin
549,overall harga makan murah rasa lumayan enak rata rata datang anak muda restoran bilang murah layan oke bersih sedia kursi makan anak point penting buat aku punya toddler
550,selasa kemaren gaco terus pas ngobrol karyawannya bilang maaf mau ambil piring kotor situ ada makan terus dilaplap meja semprot resin padahal kan aja pas customer udah pergi karyawannya training kaya soal pake baju putih
551,tempat nya nyamanpelayanan sangat muas
552,makan enak layan nya baik ramah suasana enak sejuk sepi tidak terlakamu banyak orang
553,enak banget plis
554,ojol pas pick up tumpang malah pajak parkir yang jaga parkir waktu muka pake tato jelas naikin tumpang parkir duka cuma henti jenak
555,sering bnget ksni kmren sana makan meja nya kotor banget seperti biasa sama piring2 bekas makan nya kayak bekas orang lengket cuci nya bner casirnya banyak maen ngelayani udah tau ngantri banyak mash maen2 haduh kalo sen level 1 kayak d kash level 2 pedes banget ngga biasa
556,makan enak layan cukup ramah
557,makan enak
558,makan enak murah jangkau
559,layan sangat bagus sekalipelayan ramah ramahrasa enakk sekalitempatnya nyaman jugaamantapp puol soalnyaa
560,kaka kaka nya sangat ramah baik mantapppp
561,miee nyaa enaakkk layan nyaa jugaa ramaahhh
562,pertama kli ksni sama keluargalumayanlah dar nongsi
563,punya usaha staff karyawan makan layan nya kereeennn abisss poko rekomended pis
564,layan nya bagus tempat nya bersih
565,makan enak
566,layan enak ramah baik suka
567,tempat nyaman pas dateng betul terlakamu antri layan cepat
568,mantap sukse selalu
569,tempat bagus enak tempat bess pokonyaa
570,biasa selaka waiting list yummy
571,tempat enyak nyaman best
572,tempat luas nyaman makan enak
573,rasa mie nya standar gaco cuman minum terlakamu manis sampe eneg oiya siap siap suruh rating bintang 5 karyawan sana
574,tempat bersih makan enak pluss karyawannya baik
575,layan semua humble semua menu selaka fresh
576,tempat enakk kakkanya ramah pake tompi
577,tempat nya buka enk udah ngadem
578,nyaman layan sangat baik
579,udang keju nyaa ngeju banget enak
580,terimakasih atas layan mempriotritaskan ibu bawa bayi improvee
581,tempat nyamanpesenannyaa cepat tempat bersih
582,tempat gaco nya nyaman bersih luas sen cepet datang
583,layan nya ramah makan nya sesuai ekspetasi minum nya enak best pokok sukses teruss
584,tempat enak makan enka
585,rekomendasi banget buat mau jajan enak ramah kantong cocok banget buat mahasiswa nyari spot estetik nyaman buat ngumpul2
586,tempat nya nyaman layan cepat
587,makan enak sesuai kantong layan muas untuk debit bisa guna bila lebih jam 2130cmiiw
588,layan nya luar biasa gercep bersihhhh
589,tempat nyaman rekom poko buat makan
590,tempat nyaman untuk parkir mobil susah kalo parkir motor mah aman rasaya begitu sama di mie gaco lain mantap sih
591,tertib tukang parkir gaya preman ambil order go food hilang helm parkir luar karena tdk bawa receh byr parkir tp waktu berangkat ananti order helm hilang satu tukang parkir bilang gaya
592,bumbu mienya lebih enak beberapa mie gaco pernah coba
593,makan enak pelayanannha bagus suanananya
594,dateng makan lama lebih bikin nyaman tugas parkir gabantuin padahal depan mata lagi nyantai aja ngerokok gapeduli sama sekali mau duit doang udah gitu matok harga parkir 3000 effort moga ada baik
595,enakk enakk minum nya segerr ain tissue plssss
596,enakk bgtt pls tempat ademm fiks kesini
597,tempa enk makan kakak ramah ramah
598,gaco level 1 nya terlakamu pedes tempat enak buat nongkrong
599,tempat sejuk layan cepat
600,kiozii banget tempatnyaa
601,tempat nyaman layan ramah
602,makan enak layan oke minus kang parkir nya ngotak take away parkir motor 5rb
603,bagi ngasih minum tanggal 30 juni 2024 abis adzan isya layan nya judes banget mungkin bukan passion tuh kerja gaco
604,tempat luas layan oke mantap
605,makan sini enak porsi nya pas suasana nyaman
606,alhamdulillah bagus banget mie nya enak juga pandang asri
607,makan enak semua enaken tempat layan baik pegawai nya ramah semuaa
608,order go food udah nunggu 1 jam buat diananti tiba tiba cancel tidak driver suru order ulang
609,enak tempat sangat bersih
610,tempat bersihh layan cepat ramah semua layan
611,sabar sabar aja yaa buat ngantrinya all in lain2nya good
612,rasa enak banget layan ramah
613,layan nya sangatt ramah cepet bangett
614,tempat nyamanpelayanannya baik makan nya enak harga sesuai kantong
615,kasir nge game panggil malah nerusin aja tu main game ada ngawasin si saran ini kerja rata rata ambil anak muda mungkin lebih ketat awas
616,makan nya enak recomended dehh
617,tempat luasbanyak pilih tempat
618,layan payah lama banget resto kotor
619,tempat enyak nyamana makan enk bess
620,tempatnyaa nyaman terus semisemi outdoor jadi sambil nikmatin udara dingin layan cepet mantap poko
621,enak suasana layan nya muas
622,bagus banget pelaya nya mantap
623,layan nya cepat
624,rasa mie nya enak sama kayak lain tempat luas
625,enak bangett pake bangetttt jadi kenyang
626,pangsit goreng bau aneh trus lemon tea nya minyak
627,pertamakali cabang bikin kapok gmw cabang pelayananya buruk masa makan beres udah resin pas bagi kkasir gasabaran banget paddahal antri lagi kosong makan nya enak layan buruk sayang bnget
628,tempat nya adem layan nya baik
629,layan lama udah gitu pas sen minum kasir kata gaada padahal grabfood telah sen grabfood tera screenshot bisa ambil nyata harus nunggu 10 menit sulit buat bikin minum panas
630,tempat nya sejuk bersihh makan nya enakk nyesel dateng sini the bestt dehh
631,sangat muas ramah ramah tempat nya pw banget
632,makna enak layan nya cepet ramah bangett
633,enakk makananya baik pelayananyalove itt
634,tempat nya nyaman luas minum self service mngkin waiter nya gk mau trlkamu capek hrs nganter x atau klw accident tumpah gk mau ganti hehe nganter paling mknn nya aja pun hrs puter puter dl nyari gk trlakamu rame
635,tempat nyaman mie pedas banget tempat strategis
636,tempat nya enak
637,makan nya enak semua layan cukup baik
638,makan enak tempat enka
639,layan nya ramah pokok mahbest
640,gaco buah batu bersih rapih pokonyaa besttt poulll
641,makan nya enak ramah cepat siap saji semua bersih
642,lama saji nya khusus nya online kasir offline online bareng malah prioritas yang offline kecewa banget
643,ada atur tempat duduk tempat dudu harus 2 orang 4 orang 6 orang
644,tempat nyaman makan rekomendasi buat nyari tempat makan sekitar bandung
645,gaco makan nya murah enak layan nya sangat baik kasir nya cpet ramah tempat nya sangat luas nyaman
646,kadang rasa pas kadang kurang kalo rame layan cepet kalo santai layan ikut santai kadang lama gpp lah sekali kali karyawan nya nyantai eh tadi baju karyawannya kotor bagi dada
647,makan nya enak affordable tempat outdoor nya luas
648,kasir ramah makan cepat saji enak
649,ramahbersihtempatnya strategis layan nya cepet
650,layan nya cepet
651,layan sangat baik tempat nyaman
652,menu nya jangkau tempat luas nyamann
653,cukup muas soal jangkau harga baik anak muda maupun kalang dewasa
654,makan nya enakkk layan nya baikk
655,semua baik no problem kadang level kepedesan beda
656,enak mantap gasken
657,nikmat makan lezat suasana nyaman sejuk
658,cs cwe ramah baik banget layan baik
659,suasana nya enak buat ngobrol sama temen
660,alam nya bagus layan nya cepat makan nya enak
661,mantap bangetttt miee gaco enakk pedesnya pass layan ramahh rekomended banget nihh
662,makan enak beda gaco untuk suasana layan cukup baik nyaman tempat luas layan cepat keberhasihan cukup teliti jamin bersih
663,makan tempat nya bsrsih bersih
664,lama layan nya mentingin shopee trus sama gojek lah dine in sama take away lama lama in heran deh pegawai jutek ada ramah nya tempat kotor
665,makan nya lumayan enak layan ramah lokasi nya enak buat nongkrong
666,mie nya lembek banget nya nga goreng ulang pan cuman rebus
667,makan enak mi level 3 kurang pedas udang rambutan gurih gk terlakamu kering pangsit ayam enak taoi gk tau seperti hint smoke nya saya kurang suka minum si es pink pink apasih nama kok
668,recomended bangett walaupun kadang aga ngantri banyak
669,makan nya enak mantap
670,tadi datang kondisi hujan lebat sekali alhamdulillah tempat neduh enak banget layan cepat baru duduk sebenanti udah bunyi alarm order
671,layan nya cepat tempat nyaman
672,pertama kali makan tempat langsung kecewa berat bisa pesan lewat harus tunggu 1jam lewat hanya minta maaf kami rasa makan tidak asa nikmat
673,bahagia seger enak pedes nya mantaapz
674,terlakamu lama nunggu kata meja penuh padahal bbrpa kosong cek baru selesai mkn piring yang nya langsung ambil di resin padahal kami masih duduk masih nikmat
675,udah lama kesini pas kesini kok layan turun drastis minta resin meja bekas makan belum cuma diambilin bekas alat makan aja meja lap padahal jelas genang air di meja pas mie nya
676,rok basah kena air hujan aduhh
677,layan buruk minta tisue yang box dinding habis bukan isi ulang malah suruh ambil depan aja mau take away bukan bantu ditaro depan biar box kan malah di blg depan aja sendiri baru kali makan
678,layan nya baik ramah
679,kasir nya cantik ramah mkn tempat lebih enak rasa
680,layan nya bagus tempat nyaman makan mantappp
681,pelayanannys bagus tempat bersih
682,layan informatif buangbuang waktu aja bilang kalo satu orang sen makan satu orang antri kursi jadi gakeluar antri pas antri makan aduh gimana sihh banyak karyawan tidak becus ngasih informasi
683,tempat luas bersih layan oke parkir luas posisi gaco strategis
684,waktu hari sabtu kemarin sempet mie gaco layan bagus cepat buat dine inarea strategis jadi lumayan rame dan suasana enak adem buat makan pas jam makan siang cuma karyawan pas tanya jam shalat dzuhur udah belum tidak tahu
685,makan enak layan muas
686,enak
687,tempat enak makan murah
688,layan baik ramah
689,makan nya enak suasana nyaman
690,makan nya enak pedes nya pas
691,kasir laki laki nya kurang ramah masa cuman beli mie satu aja muka nya judes trauma beli situ deh
692,makan enak tempat bersih
693,tempat nya enakmakanan nya cepetpelayanan nya baguss
694,makan mie selaka penuh antri tempat luas harga ekonomis menu paket paket buat kongkow ngobrol ngobrol sama temen temen tunggu aktifitas lanjut
695,makan enak layan baik
696,mood rusak bayar parkir 10rb padahal cuman parkir benanti gilir gofood shopeefood bayar cuman 1rb ngebantuin keluar aja preman sampah gabakal makan sini tapi makan overall enak sih gratisin biaya parkir
697,layan cepetbersihenaknyaman
699,pertama kali gacoanpesen level 4 pedes banget moga depan parkir gratis yamasa motor 3000
700,tempatnyaa enak ramah
701,tempat adem layan okay
702,gaco makan ter fav murmer tempat nyaman kasir ramahh top markotop
703,makan nya enak uda
704,cuman sini parkir tagih kali hadehh bantuin engga
705,baikdan enak makannan nyaa
706,dari pegawai parkir kalo motor parkir tuh kalo mindahin jangan asal2x an motor gw baru jadi lecet2 body nya woy mau nyalahin tukang parkir tidak tau siapa mindahin di baik
707,semua sangat muas
708,makan dine in pas jam makan siang ngantri n waiting list 1 jam lebih
709,makan tidak masalah bahkan gorenggorengannya kalau banding harga masuk enak murah
710,layan oke cuman nunggu makan lama dikit oke kok
711,layan baguss bintang persibbb
712,beli satu paket lama beli 20 paket sama aja
713,enak layan cepatt
714,tempat cozy sii buat makan
715,super duper nyamann bangett bersih layan gercep besttt
716,layan sangat baik
717,minum aja masuk akal sisa
718,enak tempat nya nyaman
719,pedes nya konsisten level 1 kadang pedes kadang engga kalo atas jam 12 malamsuka kurang rasa
720,suasana nya nyaman
721,tempat bersih layan nya bagus cepat suasana ramai
722,mantap senang
723,mending beli lewat aplikasi aja penuh terus udah antri mau order nyata kudu ambil nomer waiting list duka antri 2x jadi baru pertama kali sih makan sini gaco lvl 1 pedes banget kuat heehhetergantung selera sih yaaklo aku sih cukup sekali aja dimsum siomay enakkk
724,tulis kotak aja jelas sekali jadi g bedain level berapa bikin rugi minimal tulis baik kaya anak tk ajar nulis ge jelas tulis nya
725,mantap layan nya bagus
726,mie gaco sering penuh mungkin ada empat buah batu sudah penuh macet tempat bersih luas kursi bayi juga jadi untuk keluarga minus mau keluar arah
727,layan nya puas
728,worth itbuat ngopi santai bareng temen
729,service nya lama order lewat online
730,enak nyaman tempat layan ramah
731,mantap oke siap
732,layan nya baik banget cepeg jugaa
733,dtg pas weekday terlakamu rame nunggu makanany lamaaaaaaaaaaaaaa banget padahal karyawan banyak udah gitu mie saji ada dingin
734,dine in hari jumat siang order mie hompimpa level 1 sama siomaysiomaynya es lemon tea nya enak terlakamu manis terlakamu hambar harga saya sangat jangkau rasa enak tempat makan banyak luas heurin
735,kang parkir jahil itu lambat ananti pesan
736,tempat nya nyaman rasa mie gaco nya pas
737,tempat nyaman bikin betah ramah ramah seruu bakal kangen kesini terimakasih mie gaco buah batu
738,dong mesan via ojol driver ojolnya bebas biaya parkir masa tagih padahal ongkir kecil loh ujung apa driver jadi nagih saya customer tidak besar sih cuman 2000
739,sistem layan aneh mau makan tempat wl duka terus sen antri nunggu 2x huhu mana kasih tau udah antri jauh baru ada yang kasih tau wl baik kaya peta sistem nya antri aja ada wl
740,tempat nyaman luas untuk layan bagus
741,layan bagus makan masih enak awal pkonya tetap tahan kualitas rasa
742,makan oke layan oke cepet tidak sreg sama parkir sih motor 3ribu ikut ngga bantu samsek pas penuh gesergeser sendiri jaga parkir cuma petenteng doang nerima duit pintu keluarmasuk
743,posisi restonya nanggung banget bagi cornering kalo lewat muter jauh depan tau jalan tikus lewat jl nembus guntursari parkir buat motor cukup luas kalau buat mobil seperti susah
744,nama gaco murah tetep jaga standardnya
745,muadep pokona mah gahar ladana sip moga depan tingkat lebersihannya
746,layan lama pesan 2 mie sama 2 dimsum aja sampe 40 menit payah servicenya padahal dine in jam 12 malamlebih
747,antri selaka panjang akhir kesini mau makan tempat tidak bagi meja semua waiting list jadi saranin take away sama layan biar ngga terlakamu nunggu lama kata di take away sama lama ngga lama
748,mie gaco cocok banget buat kaum ajar dari segi harga cukup jangkau cabang mie gaco saya datang memang cukup besar tempat parkir cukup luas itu suasana penuh para unjung
749,pegawe nya cewek teriak teriak ngasih jelas nya jelas gilir tegur malah balik marah2 awal datang 6 orang masuk ibu hamil bukan sekali ke tempat
750,volume unjung banyak tempat kecil harus tunggu lama 12 jm kesel banget layan kurang makan biasa ajah miey rasa terigu kuat banget pedasy tapi kurang gurih minum kaya rasa minum kemas
751,cuman kurang suasana ada banyak sampah plastik bekas sumpit jadi di perhati yaa kaka
752,pelayananannya mantappp abiss
753,tempat enakk nyaman makan cepet datang
754,mantappp enakeunnn tempat
756,mungkin semua pada kenal brand satu hanya memang jd perhati layan bilang cukup lama awal pesan hingga menu datang 45 menit tp mungkin laku di jam makan siang jam
757,tempat bersih pegawai wangi ramah sopan cuma tukang parkir bukan mslh uang nya masa pke motor ditarip atas harga parkir biasa
758,untuk makan kelas layan ramah
759,wakil intann semua enakkk bangettttt
760,buat makan harga segitu rasa enak banget menuruy aku sih iiiyyyyeeesss bbbggtttt layan tempat luas nyaman
761,tempat makan mie nyaman mie nya enak harga worth it jga layan muas makin tingkat ya mie gaco
762,penuh banget jadi take away
763,pesan cepet bngt proses walaupun rame makasih
764,suasana nya enak nyaman
765,nyaman di jadi tempat deep talk sama temen
766,sorry to say mie gaco kalo take away kok rasa aneh gatau bikin orang rasa enak badan mual mual lemas lemas cara buat steril bagaimana
767,tadi mau makan tempat tp suasana nya crowdedakhirnya take away take away nunggu lama pesan udah jadi di panggil jugasampe kudu bolak balik cek orderangak tau seperti santuy aja antri gila gila
768,enak banget tempat
769,layan cepatmakanan enak mantap
770,layan buruk mangkuk makan kotor suruh nunggu makan padahal udah hampir 1 jam yang baru dateng malah didulukan dong kembali jangan kurang yaparah sihh
772,enakk makan nya tempat nya adem
773,gaco buahbatu kontol nunggu 30 menit jadi jadi anjig
774,mantapp pokonyaa tempat nyaman
775,harga jangkau makan rasa enak udah keju nya
776,makan enak bumbu balance mohon maaf meja makan debu mungkin dekat jalan yaa
777,sangat nyaman makananya enak
778,kalau ken hidang mie beda selaka datang kesini meski sering penuh tetep rela ngantri suka banget sama varian dimsumnya mienya mantap enak
779,layan baik bagus pokok
780,tempat nya bagus suasana bagus layan nya iwhhh beberapa orang tidak banget masa minta sumpit baik baik malah suruh pake tangan aja kali bener kalo ngelayanin jangan gitu langgan
781,tempat nya bagus bersih
782,makan oke pad dateng panaspelayanan nya baik suasana nyaman
783,tempat nya nyaman layan baik makan enak
784,seluruh sangat nyaman bagus sekali kerja gercep mulai order trus nganti langsung tanya mau apa agar ketika kasir langsung layan sama kasir pikir lama tempat mungkin
785,makan enak bgtttt layan baik cepet jutidak a bersih bintang 5
786,makan murah lumayan enak antri panjang kasir kadang salah tulis nama beberapa kali pernah order nyata salah nama lokasi terlakamu hook jalan padat
787,makan enak rekomen sih terus harga jangkau
788,layan burukseharusnya atur antri beli nomor 1 beda kasir u dine intake way order online antri jelas tunggu terlakamu lama tidak antri berkali2 u makan
789,sangat muas layan paling cepat
790,makanannyaaa murah tp kualitas gamurahan well
791,harga kualitas gausah ragu layan oke banget kurang suka sama layan saat udah beres baru diem benanti banyak kosong langsung ambil piring2 sudah selesai nge gas emang kaya ngusir halus dengan nada tinggi tp gpp mungkin lelah
792,bintang 1 tulang parkir 2x kesana bener markirinnya hari juga markirnya asal terus terus doang nyata mobil ngegores trotoar bukan minta maaf tanggung jawab tanya malah cengengesan maksud gmn nih makan kurang 100rb benerin mobil kali kali lipat makasih gaco
793,enak ramah layan nya
794,layan bagus
795,mie gaco murah enak service cepat pernah kecewa mie gaco so sesuai ekspektasi muas nilai tambah mungkin sini spot parkir mobil sulit ditemuin tempat mie gaco
796,kasir name idnya ridwan layaninnya buruk banget orang foto
797,udah antri duluan di suruh waiting list dkamu biar dapet nomer meja gilir pas lain antri di suruh waiting list langsung dapet nomer meja
798,layan baguss ramah cepet kalo penuh suasana nyaa adem enak kalo tidak panas banget
799,storenya rapih crewnya layan ramah makan fresh hangat
800,rasa beda2 apalgi kalo konsumen ny sdg mnbeludak agk krg gmna gtu terus toiletny ampun coba feh dibanyakin konsumen banyak bejibun toilet cwe cmn ad 2 mana kotor
801,sangat baik nyaman makan
802,tempat nya nyaman layan nya ramah
803,pertama kali sen gaco sini suka bangett fasilitas nya ke layan mantap dehh gacorrrr gaco
804,enak mantap euyyy
805,layan baikkramah ramahyang tentu makan enak enakk the besttt dehh
806,oke ada waiting list cepet antri cuma lama bangeet servis nya kaya cipadung cepet
807,gaco buah batu best banget pokoknyaaa
808,harga affordable gaakan ngeluh soal antri karna kalo antri brarti udah tau dong rasa gmna cuma dikeluhin satu sih pesan salah waktu sen mie gaco 2
809,tempat nya rapih bersih
810,layan baik tempat bersih
811,parkir motor tera 2000 pas bayar ktnya 3000 mau ngelawan tp tukang parkir kaya preman tkt bgt
812,tempatnyaa nyaman bangett crew nya ramah ramahhh
813,aku mah gaco buah batu tu memang paling enak mantaptrus layan bagus okey pokok baik deh buat gaco buah batu
814,nunggu 3 jam dateng shibal
815,tempat nya sangat nyaman suasana nya adem makan nya lumayan enak layan nya sangat baik
816,makan enak pedas wow harga porsi pas
817,tempat enak nyaman
818,teliti beda level mienya beri tanda untuk beda terimakasih
819,tempat lumayan nyaman buat nongkrong tempat luas makan not bad lahh sama harga jangkau
820,tempat enak makan enak
821,saji minum sini pake glas plastik kalau yang masih gelas kaca kesini mesti bawa motor kalau pake mobil emang ada semua outletnya semua makan enak tempat nyaman kamar mandi bersih cuma air pas kesana kaget g kluar air pas nunggu beberapa kluar air saji nunggu lama
822,makan nya enak2 minum nya seger suasana nya nyaman luas banget taman nyalayanan nya ckup baik ramah
823,tempat makan nongkrong asik ramai senang tiap hari selaka ramai sibuk banget antri lumayan banget bahkan bisa nomor bangku harus nunggu duka harus nunggu yangblain selesai yang makan tempat layan cukup baik tertib suasana
825,tempat enak makan enak p
826,tempat panass banget kalo siang waiting list nya lama banget pdhal pas liat nyata bnyak meja kosonkeren musik kenceng bat dahhh jdi kalo ngobrol kedengeran asa ngobrol ama orang tuli ketika waktu adzan musik tdk
827,enak bangtttt ramahh bangtt
828,waww makan enak banget
829,makan buat rasa enak harga affordable tempat comfy buat nongkrong sama temen
830,mienya enak bangett samaa suasana nya jugaa mantapp bikinn makann tuh serasa nyaman gtuu layan nya ramah pkonyaaa baguss
831,enakkk banget waw
832,tempat nyaman
833,tempat luaspenyajian cepat
834,baru buka lama banget ngantrinya panjangtapi makan enak sih murah mantap lah over all mantap
835,makan pas porsi cukup enak
836,gaco nya enak bgt
837,tetap ramai beli 26 maret 2023
838,menang tempat parkir mobil layan parah antri dine in suruh sen pas sen suruh antri ambil nomor meja
839,makan bisa satu keluarga
840,tempat sangat nyamanpelayanan sangat ramah cepatnamun kamar mandi perempuan toilet rusak pemberitahuan toilet sebut rusak alhasil bak tidak dapat siram karna kloset rusakmohon segera baik konsumen lebih nyaman
841,tempat bagus suasana enak
842,baguss layan nya bagus
843,bbrp wkt brp thn masih rame terus sejak viral musim maantaap apa sih rahasia
844,enak nyaman
845,tempat mayan luas mostly outdoor untung pas kesana ujan pegawai banyak banget ngantrinya panjang tp terlakamu lama sih murahhhh sekali tp rasa enak mushalla nya kecil tp gapapa penting kumplit jadah mukena
846,sangat mengecewakandinginmie nya asa mentah ada aroma rasa sama sekali kemas tdk cukup apik minyak tembus mana beli tgl 21 mei gaco buah batutidak sesuai di bayang lihat
847,milik layan cepat baiknyaman rasa makan terupdate
848,selaka ramai enak enak
849,layan lama antri panjangbelum tolong buat ojek online gratis parkirnyadaripada jadi gesek parkir para driver ojek onlineini ada order gaco mesti bayar 1000belum
850,layan jelek sekali miskom kota nunggu 15 jam sampe pesan datang kecewa
851,enak bgt
852,lama masa ngedahuluin bungkus sampe numpuk makan nya buat makan tempat di anggurin
853,makananya enak banget
854,mie iblis sini gatau kecap banyak saya suka cuma minyak banyak
855,bagus banget layan nya ramahramah terus kondisi tempat nya adem sukses terus gacosn bubat
856,layan sangat baik
858,enak banget please
859,layan cepat
860,enak poll manis gurih pas
861,layan nya bgus
862,makan enakk layan ramah cepet next lagana trus gaco bubat
863,makan enak n murce
864,mie nya enak jadi ken sini
865,enaakk minum pas antri jadi lama makananya cepet dateng
866,enak bersih ramah ramah layan
867,makan enakk trus tempat enak nyaman cukup strategis cocok buat nongkrong santai sama makan bareng temen
868,sumpah layan lelet banget profesional masa iya sen tagih duka baru anter antri pesan tengah jam nunggu makan utama tengah jam lagi makan tutup nunggu satu jam masuk gaco pukul 0900 jam
869,ramenya pake banget spertinya mie gaco baru happening bandung sby semarang sdh dluan suasannya tetep sama di tiap gerai se rame apa pekayannnya tetap cepat saluutt de best
870,layan kurang gercep tengah jam baru beres
871,makin kesini makin kesana rasa makin hari makin enak akhir beli ada rasa garem sama sekali hambar rasa cabe doang btw pas beli jam 9 nan bungkus rasa jauh banget sama pas awal buka sekarang makin hambar enak yang kerahir beli gaco
872,enak gaada kurang nya jugaa passs
873,bagus layan nya ramah tamah jaya
874,saat dalam kawasan jauh lebih rapi tdk ad pkl d halaman parkir masjid masjid jd lebih bersih awat
875,honestly enak buat mie nya cuma sometimes mie nya kalo level 1 suka pedes banget kurang pedes tidak konsisten gitu cuma itsokey si soal 10rb mau harap apa overall enak si
876,lg libur iseng sen mi gaco buah batu karna dekat pesan by kasir take away sikap kasir sosialisasi harus ramah terburuburu kalo memang wajib terburuburu harap fokus karna teliti
877,minum sama makan aku kena hujan karna duduk semi outdoor langsung ganti sama baru dong best banget emg catat makan minum ku sentuh sama sekali jadi makanya digantiin
878,mie nya enakk sama saji jugaa sekarang lumayan cepet yaa
879,makan nya enak enak
880,sangat muas layan sangat ramah
881,gaco naikin harga per menu aja deh harus makan pake utensils tidak bersih
882,dtindak manajemen gacoann bubat sudah bikin usaha t bdg tidak adda toleransi kami ojol dtarif ribu per motor sipill biasa 2 rrbu
883,makan enak untuk layan kurang ketika ramai karyawan cenderung santai lalai langsung buat waiting list yang antri lama antri dari awal tempat ikut cuaca apabila
884,siomay udang keju enak mie iblis manis gurih pedes baik es genderuwo murah mantap dah mie saji dingin kalau hangat akan lebih nikmat waiting list panjang intruksi kurang jelas jadi ngantri 2x untung walaupun panjang nyata terlakamu lama
885,cepat ramah
886,layan bagus kualitas baguss cell nya ramahhh
887,layan sangat baik muantappp pwollll
888,mie nya ada rasa sama sekali kalo buat pangsit lai oke rasa enakbeda outlet mungkin beda pembuatanya kali yasoalnya udah pernah dibeberpa outlet rasa enak mienya oke asa gurih asin manis kalo hambar ada
889,layan nya ramah cepat tempat luas nyaman makan bersih nya sangat jaga
890,makan pegawai nya ramah kurang cuman mienya aja si makin kesini makin sedikit moga tahan gaco sisa bagus aja
891,makan nyaaa enak bangettttt 100000 harga nya cocok ajar kalian wajibb cobaaa sini okaii
892,enak nunggu lama
893,baru tau nyata gaco emang murah banget kalo dateng tempat lama sen online harga 18rb nyata kalo tempat cuma 10rb haha btw gaco sulit kalo bawa mobil rekomen naik motor kalo mau kesini
894,kemarin aku kesana sama temen layan sama mbak kasir training cirebon kan mesen dine in take away pas sen take away kan banyak nyebutin mie duka emang awal jelasin baik kata bill nya maximal
895,layan nya sangat burukkarna gada jaga depan pintu masukorang langsung ngantri terus udah ngantri lama malah suruh nunggu karna gada no meja padahal udah ngatri tadi hahahahahahahah
896,enak banget well
897,the best pokonamah enak
898,suasana nyaman kalau order nunggunya trlakamu lama buat ojol rugi bayar parkir segala harus aus buat drever ojol parkir gratisin soal jadi kurang jasa ongkir sudah murah bayar parkir segala
899,enak nyaman tempat
900,bagus mungkin tambah live musik lebih baik sedia area smoking yang suka rokok
901,baik banget enak euy
902,mantap karyawannya ramah
903,kerja banyak kerja nya malah becanda jadi lama
904,2 kali makan sini tetep sama sen minum lama baik minum duka dateng baru makan
905,mesan online kan udah ongkir biaya lainmasa tambah biaya parkir semua gaco moga di atas
906,tempat enak makan mie ayam
907,jujur lama makan mie gaco buah batu baru kali dapat layan nya kurang baik pihak maneger karyawan nya masa iya telat antar makananminuman costumer langsung pergi tidak minta maaf costumer
908,tempat nya cocok buat kumpul
909,sangat muas layan sangat ramah
910,meja sedikit unjung banyak cuma cabang beda sama di cabang nya layan banyak atur pilih2 orang buat meja udah dapet nomber boleh nempatin kosong di mana aja yang dapet nomber
911,padahal posisi malamjam 11 tp order makan hampir 1 jam lebih lama bgt
912,tahu banyak unjung meja sedikit nunggu 2 jam makan lebih 1 jam harus staff pegang waiting list tunggu pintu malah keluyur jadi antri kenyang sama angin kalo nunggu buat makanannnya memang enak untung
913,layan ramah tempat luas bersih
914,gaco lain antri lamaaaa
915,sangat baik ramah layan nya
916,tempat nyaman layan cepat kamu nunggu lama mantap pokok
917,salah satu cabang gaco tempat luas kota bandung outdoor indoor nya tempat estetik buat foto2 kalo siang hari panas layan kalian kalo datang cepet ambil antri makan tempat take away antri panjangkeren bgtt
918,layan cuek udah manggil keras tp ttp direspon makan oke sama suasana pas cuma itu kak layan doang yang lain bagus
919,waktu dateng susah parkir mobil parkir dpn mie gaco banget byrnya 10rb pdhl tulis mobil byr 3rb parkir motor atur rapi tidak terlakamu makan tempat
920,makan sini enakk jangkau jugaa pokok rekomen bgtt kesini bareng temenn biar makan makin seruu
921,layan nya sangat baik
922,aman layan bagus sukaa
923,tempat rapih nyaman 10010
924,kurang komunikasi staff waiting list dine in harus yang stay buat nanya atw ta udah antri kasir pas mau transaksi tanya punya no wl
925,mukena jadah dimushola nya please atuuuh cuci minimal 3 hari sekali udah bau banget keset kering coba ditambahin management perhatiin tiap fasilitas gaco
926,tempatnye enak bess bngett dah
927,soal rasa tempat memang sgt strategis nyaman saja layan super lambat
928,enak murah pegawai gantenk banget minus rame banget cocok kaum introvert males ketemu orang kalo ganteng gpp
929,tempat akan jadi salah satu tempat paling memorable buat duka kemari laku interview kerja akhir tolak lalu baik saya hibur diri makan atmosfer ramai
930,enak mantap poko kaleng kaleng deh pangsit harga kaki lima soal rasa poko bintang lima deh sekarang sih udah lumayan terlakamu ngantri kalo beli kaya awal awal sampe nunggu jam jam
931,sedang cari alam makan mie lezat autentik kota bandung jangan lewat mie gaco buah batu citarasa khas hidang mikat selera mie gaco buah batu tawar alam kuliner tak
932,layan nya baik tempat nya bersih nyaman
933,recomended banget sih makan enak cuman fasilitaskurangtoilet gaada airmeja makan dikit suasana pengap banget kalo ramai gaadaparkir paksa mobil pingir jalan masih dimintain biaya
934,tempat nya nyaman layan ramah rasa pas
935,tempat enak nyamann
936,pelayannanya parah ngantri nunggu bs 2 jaman buat onlinehrsnya sistem kayak mcd woworderan msk bon lsg d buat bukan nunggu datang driver dkamu baru bon d buatsama d pisah semua buat ofline onlinenyakasirkoki waiternya jd lbh cepet bukan d tumpuk2 satu tempat
937,tempat nyamann layan nya sangat baikk menu jugaa enakk
938,layan sangat ramah padahal order online food usir hanya bilang toko sudah tutup mau bungkus makan abis tidak ada greeting nya
939,mienya khas pedas nampol banget udang keju udang rambutan juara
940,lumayan layan saji lumayan lama kondisi lapar berat antri selaka panjang alangkah baik bila pintu kluar parkir posisi buat jalan buah batu bagi yang mau lanjut jalan lebih efisien kamu putar jauh
941,tempat nyaman enak buat nongkrong sama temen
942,layan cepet makan minum enak parkir luass tempat strategis
943,cinta mie ku gaco lebih enak sih mie pernah aku coba belum worth it harga murah enakkk poko udah terlakamu sering gaco sih kalo aku jd enak enak aja
944,lamasangat ganggu driver onlineongkir 64007200 bayar parkirantri nya sampai 1 jambelum jalan resto nya jauh dr titik terima order
945,utk seluruh semua baik dr rasa harga layan bersih hnya tarif parkir biasa 2000 kendara roda 2 tiba naik jadi 3000 karcis bgtu tanya naik sy pikir bln puasa naik tarif nya tp
946,gaco buah batu the best
947,tempat nya adem layan ramah cuma sedikit lama ambil pesan
948,gaco nya enaaktempatnya bersihh
949,tempat nya nyamanpegawai nya ramah ramah
950,layan nya cukup b
951,siapa sih gatau mie gaco nih mie cabe pedes gile uenakk g henti makan rekomendasi gw mie iblis lvl 6 biasa sih gw lvl yahh idup kok paling mules nahhh paling gw rekomendasiin malah side
952,sedih banget udah puluh kali beli gaco store bubat baru kali beli mie dapet pangsit cuma 1pcs kirain udah kurang porsi pangsit nyata cuma aku doang dapat 1 pcs pangsit
953,selaka ramai selaka bagi tempat duduk suasana nyaman layan cepat menu tampil mudah pilih kasir gercep parkir motor 3rb what the
954,kalo tempat sih lumayan nyaman cuma sayang tarip parkir aja terlakamu mahal kalo untuk motor tarip nya jangan mahal kalo layan sih lah
955,mi nya enak banget pangsit nya nikmat gurih gitu lokasi tepat empat lampu merah buah batu lokasi sangat strategis cuma lahan parkir mobil batas
956,masa parkir sana 10rb pungli banget ilangin napa tukang parkir guna kalo makan enak gaakan makan situ males palakin preman
957,makan enakkk tempat bersih
958,tempat enak nyaman
959,makan jangan tanya enak banget harga jangkau layan banget suka udah 2 kali makan langsung tempat kaya tertib banget sih walaupun pegawai nya emang super sibuk
960,tarik keren
961,sering beli gaco buah batu pas kesana gelas minum nya kaya di cuci minyak
962,tempat nya nyaman makan enak layan cpt
963,layan nya sangat baik makan nya enak tempat nya bersih poko nya bagus banget
964,enakkramah ramahgratistempatnya enakeun
965,good lah buat lagi mau nyantai sama tementemen cuman tempat kagok di empat wkkwkw
966,undang keju nya enakkk
967,outlet mie gaco biasa harga murah menu sangat lumayan harga segitu kendala lama antri memang ramai juga susah cari tempat duduk overall bagus
968,kali kalo nulis nandain level dus buat take away jelas baca sama banyak orang bukan buat sendiri mesen banyak pas bagiin anak kecil bagi pedas
969,rame banget tempat murce menu cocok kalo mau nongki sini cuman saking ramenya antri lama
970,satu di mie gaco buah batu turangga rasa harga sangat jangkau sekali walaupun antri ya puas padu rasa nyaman layan ramah kalah satu ke bandung kami mampir
971,layan nya bagus suasana nya nyaman
972,pesan takeaway kesini pagi pas buka langsung penuh sama mamang ojol ngantri nya lumayan lama bnyak sen take away yah sabar nunggu aja qta nya
973,mayan lah kalo laper mah cuma enak banget makan pangsit jatoh satu biji langsung sapu ganggu banget nyuap trus lagi enak nyedot genderuwo usir dong resin piring nya somaynya abis ditelen mungkin karna
974,makan enak buat cinta pedas pokok wajib banget coba cuman sayang nya pas sana nggk makan tempat karna waiting list nya penuh kata jadi saran buat take away itu tunggu jam an
975,layan nya jelek banget nunggu mie nya sampe 1 jam semenjak dapet table aku protes pegawai karna makan dateng padahal udah 1 jam nunggu kalau ngga protes kaya sampe 5 jam juga gaakan kasih tuh mie nya
976,terlakamu sering non aktif aplikasi shopee food nya padahal bukan ko ada aplikasi shopee food nya gaco cabang masih buka buka aja pesan da i gofood padahal saya customer shopee food gimn dong
977,suka sama kerja pekerjanyamengatur plgn dine in n take away atur plgn gk antri diri lama cepat tanggap dn gk terlakamu lama antri wlapun banyak antrianyd antri dkasir adh nojd gk buang wkt dn tenaga tuk diri lamagood job all
978,pertama kali coba gaco cabang bubat beneran ken balik dari segi makan entah kayak beda gitu lebih enak pas terus tempat enakeun untung banget waktu kesini malamcuma nama
979,layan keren makan mantap polll
980,pertama kali nyoba mie gaco daerah buah batu rasa nya beda jauh sama gaco lain beda kan nya entah aku pesan gaco level 4 tidak terlakamu pedas sedang makan gaco lain level 4 sangat
981,makan sangat enak
982,tempat nyaman layan cepat makan enakkk semuaa
983,pesan shopee terang nya ada biaya kirim biaya layan tp driver minta uang lebih pdhl udah bayar pakai shopepay ko gtu pdhl bayar sesuai total makan nya
984,kalau aja bia kelola antri lebih baik biar antri nya panjang terus tiap hari tempat makan sempurna ya jangan lupa bawa uang cash buat jaga jaga kadang bayar debit nya error
985,tempat nyaman pelayananyaa okayy bngtt makananyaa gk kalahh jauh enakk
986,mie gaco harga pas kantong sangat enakk layan nya cepat tempat luas bagus sering langgan kesini
987,makan nya enak layan nya baik tempat nyaman bersih cocok kumpul sama teman keluarga harga makan nya cocok kantong ajar
988,enak service cepat
989,makan enak tempat nya nyaman bersih
990,area parkir luasresto nya menarikmenu makan nya banyak pilihanharga merakyatbisa makan tempat take away so order via grab foodgo food maupun shopee food lohterima kasih
991,makan tempat sen buat bawa rumah malah panggil layan gacor walaupun pesan kemas di anterin sama sekali kemeja cuma sen dimsum 3 porsi hampir nunggu 1jam kalo tidak di tanyain layan gacor bisa nunggu sampe tutup utama takeaway online uknowlah
992,tempat sih oke cuman tambah ruang in door beberapa unjung rasa panas dari segi layan cukup saya cepat tidak berteletele
993,layan big nol pegawai berisik banyak ngumpul nutupin jalan toilet mau makan dine in aja ribet banget pas mau sen dine in kata waiting list close pas makan dateng waiting listnya open terus mau dine in mau
994,mie nya enakk banget rekomen buat dateng kesini bareng temen
995,dh lama mau nyoba tp slkamu antri akhir gk jd terus lakamu di bubat dekat dri rumh nyobain lah antri dh excited ngantri eh mienya gk sesuai expectasi gk enak guys mie setan cawerang kata sundamah minum rasa air doank
997,makan layan cuma kalo hectic samping lampu merah bubat macet suara mobil motor klakson sirine dalem antri panjang manggil nama sama nomer ojol sen takeaway campur suara kenceng speaker musik kuping bising banget
998,mantep lah mulai pesan nya cepat saji poko the best ramah ramah jga layan nya
999,enakpelayanannya sangat ramah
